,Unnamed: 0,Unnamed: 0.1,Unnamed: 0.1.1,Unnamed: 0.1.1.1,Unnamed: 0.1.1.1.1,Unnamed: 0.1.1.1.1.1,unique_id,athlete_id,activity_id,activity_name,post_id,resource_state,caption,type,source,status,uploaded_at,created_at,created_at_local,default_photo,location,urls.500,sizes.500,urls.1800,sizes.1800
0,0,0,0,0,0.0,0.0,1C041F06-A582-4E51-9232-0BF91237A50E,107351005,11291925681,Geese cheering me on,,2,,1,1,3,2024-04-29T16:34:10Z,2024-04-29T16:24:46Z,2024-04-29T17:24:46Z,False,"[52.933166666666665, -1.14745]",https://dgtzuqphqg23d.cloudfront.net/iyIuR8KfRoDt7QzdA52qMiWJmexS95ob1Iu48dFbmm0-384x512.jpg,"[384, 512]",,
1,1,1,1,1,0.0,,B9E1330C-8BA1-4825-81ED-7965AC76F934,107351005,11315100511,Blister :(,,2,,1,1,3,2024-05-02T13:21:13Z,2024-05-02T12:55:47Z,2024-05-02T13:55:47Z,False,"[52.93521333333333, -1.1389861666666667]",https://dgtzuqphqg23d.cloudfront.net/rWUi-B-GAXydtzLWsQl7EyDt643eu8YWzqKg9gM2bMg-512x384.jpg,"[512, 384]",,
2,2,2,2,2,1.0,,26825B00-0CF6-4420-885A-9E2ECB8D9AD6,107351005,11315100511,Blister :(,,2,,1,1,3,2024-05-02T13:21:13Z,2024-05-02T13:19:38Z,2024-05-02T14:19:38Z,False,"[52.926625, -1.1357111666666666]",https://dgtzuqphqg23d.cloudfront.net/-SALiJVPBZ1YlsWjLfYZHkKdAeZ_38oQl_eZWK3VNlE-384x512.jpg,"[384, 512]",,
3,3,3,3,3,0.0,,3605F3BF-2F10-4FDD-8305-ED25452328D1,107351005,11261037171,Bit rainy,,2,,1,1,3,2024-04-25T13:11:23Z,2024-04-25T13:10:22Z,2024-04-25T14:10:22Z,True,"[52.92715833333333, -1.1382528333333333]",https://dgtzuqphqg23d.cloudfront.net/aVbKEBEzt7NQUs1KP_6uMM4Lk8A_6fFacYys62jUtIA-384x512.jpg,"[384, 512]",,
4,4,4,4,4,0.0,,C2D66ACF-A182-40EC-B5C2-D35B160F6875,107351005,11231043549,Love the river Trent,,2,,1,1,3,2024-04-21T11:56:17Z,2024-04-21T11:32:24Z,2024-04-21T12:32:24Z,False,"[52.93835833333333, -1.15375]",https://dgtzuqphqg23d.cloudfront.net/IgiZ2_chAspGv_ZA8tJF1mQCKBJjSa6LC_Ymghllj0o-512x384.jpg,"[512, 384]",,
5,5,5,5,5,1.0,,9E61E900-3088-4616-9F19-A24DAFBB4BFA,107351005,11231043549,Love the river Trent,,2,,1,1,3,2024-04-21T11:56:14Z,2024-04-21T11:33:44Z,2024-04-21T12:33:44Z,False,"[52.937021666666666, -1.1512166666666666]",https://dgtzuqphqg23d.cloudfront.net/NVyzBLy17fItVmUorlx5rEFMYIAdUP8b3I0tWY3dSyc-512x384.jpg,"[512, 384]",,
6,6,6,6,6,0.0,,CE7B9D67-F12E-4E37-A6FA-7C89D6646D34,107351005,11209485919,Back in Nottingham!,,2,,1,1,3,2024-04-18T12:40:47Z,2024-04-18T12:23:44Z,2024-04-18T13:23:44Z,True,"[52.93762, -1.1546805]",https://dgtzuqphqg23d.cloudfront.net/0cBESdLDFedY7jkn0s4FIIJNPKydzau3-rKg-I9BWXQ-512x384.jpg,"[512, 384]",,
7,7,7,7,7,0.0,,2EEA9E6F-8BB2-44F7-B7F0-3B89D5B7FE59,107351005,11171346143,Jack and Euan!,,2,,1,1,3,2024-04-13T12:08:21Z,2024-04-13T11:54:06Z,2024-04-13T13:54:06Z,False,"[46.21060333333333, 6.735295]",https://dgtzuqphqg23d.cloudfront.net/K04009FayIuJCcgILNr4sne2LDpNVWoY9Hv8lfFF5Uw-512x384.jpg,"[512, 384]",,
8,8,8,8,8,0.0,,9140E6E9-4DE6-42E8-A286-25DE6B6323A5,107351005,11163032531,Goodbye Morzine! ðŸ˜¢â›·ï¸ðŸ‘‹,,2,,1,1,3,2024-04-12T10:16:09Z,2024-04-12T10:04:54Z,2024-04-12T12:04:54Z,False,"[46.18953666666667, 6.75287]",https://dgtzuqphqg23d.cloudfront.net/wzrxkjs1pKBb0uYldQy9IbAaAb9DyMMLPwVZEQ5QNlw-512x384.jpg,"[512, 384]",,
9,9,9,9,9,1.0,,19AC5FA5-05CD-4E1B-B86D-2378110F59FC,107351005,11163032531,Goodbye Morzine! ðŸ˜¢â›·ï¸ðŸ‘‹,,2,,1,1,3,2024-04-12T10:16:09Z,2024-04-12T09:07:28Z,2024-04-12T11:07:28Z,False,"[46.17881166666667, 6.71178]",https://dgtzuqphqg23d.cloudfront.net/tbN4i9AHkcIZ1yWd6iU8xcDfB6oYQ74dh0hr10dcSCU-512x384.jpg,"[512, 384]",,
10,10,10,10,10,2.0,,78A72F11-8324-4C87-AE01-419ACA5218ED,107351005,11163032531,Goodbye Morzine! ðŸ˜¢â›·ï¸ðŸ‘‹,,2,,1,1,3,2024-04-12T10:16:09Z,2024-04-12T10:15:42Z,2024-04-12T12:15:42Z,False,"[46.19032, 6.751738333333334]",https://dgtzuqphqg23d.cloudfront.net/uct8-w1zVffl11uYn4AkE512cc4GsgNRv12hVOxpNnY-384x512.jpg,"[384, 512]",,
11,11,11,11,11,0.0,,7FA9B294-8647-406E-BCA0-316B7B30EDD0,107351005,11103935073,Trail run to Lac de Montriond,,2,,1,1,3,2024-04-04T11:08:10Z,2024-04-04T09:29:28Z,2024-04-04T11:29:28Z,False,"[46.199505, 6.6987749999999995]",https://dgtzuqphqg23d.cloudfront.net/uY4ZobPcsD7MZ2gb4wMnvvk4jASVSvF0Llda4y6TrrU-384x512.jpg,"[384, 512]",,
12,12,12,12,12,1.0,,555A0981-E451-45A2-BBFA-D829874119CC,107351005,11103935073,Trail run to Lac de Montriond,,2,,1,1,3,2024-04-04T11:08:10Z,2024-04-04T10:07:02Z,2024-04-04T12:07:02Z,False,"[46.210278333333335, 6.736153333333333]",https://dgtzuqphqg23d.cloudfront.net/Yj1pS8WVraZTVhMuVOIayrgzRwxK9N24rJIYL7Ttekc-512x384.jpg,"[512, 384]",,
13,13,13,13,13,2.0,,00D16A60-8F9E-43F1-8F06-69381367B3F3,107351005,11103935073,Trail run to Lac de Montriond,,2,,1,1,3,2024-04-04T11:08:10Z,2024-04-04T10:14:57Z,2024-04-04T12:14:57Z,False,"[46.2093, 6.722053333333333]",https://dgtzuqphqg23d.cloudfront.net/zvB6GVd9UcASEyMlluqfuot_c5ojZFL2W_6HQFebMxk-512x384.jpg,"[512, 384]",,
14,14,14,14,14,3.0,,9F307BF0-B6AA-455E-BA9B-8DC547273B10,107351005,11103935073,Trail run to Lac de Montriond,,2,,1,1,3,2024-04-04T11:08:10Z,2024-04-04T09:41:51Z,2024-04-04T11:41:51Z,False,"[46.20408666666667, 6.709646666666667]",https://dgtzuqphqg23d.cloudfront.net/jZW2WJd6xJF6yUsBenMiFoqQozBtxRqeyX3XD-sCc74-384x512.jpg,"[384, 512]",,
15,15,15,15,15,4.0,,B8585603-10E6-4911-9908-3B13C556A7D7,107351005,11103935073,Trail run to Lac de Montriond,,2,,1,1,3,2024-04-04T11:08:10Z,2024-04-04T10:55:03Z,2024-04-04T12:55:03Z,False,"[46.189708333333336, 6.696713333333333]",https://dgtzuqphqg23d.cloudfront.net/_v5bIAfSygB73ZFQaBWRFKZVSDUezT-kUQU2x2cRxZE-512x384.jpg,"[512, 384]",,
16,16,16,16,16,0.0,,F088EA67-488B-4E3B-BC78-DE08B5C0E0F9,107351005,11056536951,Beaut,,2,,1,1,3,2024-03-28T17:41:50Z,2024-03-28T17:06:26Z,2024-03-28T18:06:26Z,False,"[46.187225, 6.7397133333333334]",https://dgtzuqphqg23d.cloudfront.net/-QZfaDY7kNj2Sqwh7bCuHpF7vySvf0jKQyqoLPbiCOw-512x384.jpg,"[512, 384]",,
17,17,17,17,17,0.0,,66A17C6C-99B0-4E38-9CE3-A8F4256DB62D,107351005,10994856897,Think Spring has sprung?,,2,,1,1,3,2024-03-19T18:24:23Z,2024-03-19T17:15:14Z,2024-03-19T18:15:14Z,False,"[46.18971666666667, 6.752258333333334]",https://dgtzuqphqg23d.cloudfront.net/rmwH3uO3Kk4Ly8R0ZTQEuWguNWs-VF95LKeJXtx5ctA-512x384.jpg,"[512, 384]",,
18,18,18,18,18,1.0,,FA90A152-15C9-4F94-83E6-1B06C2E7B1DE,107351005,10994856897,Think Spring has sprung?,,2,,1,1,3,2024-03-19T18:24:22Z,2024-03-19T17:35:47Z,2024-03-19T18:35:47Z,False,"[46.17883, 6.7121216666666665]",https://dgtzuqphqg23d.cloudfront.net/Q-6wLpXtts9gVhDFErdNwQGdN3_maEtf-mivFpfbiZs-512x384.jpg,"[512, 384]",,
19,19,19,19,19,2.0,,B348C0CA-3CFA-4B55-B6FF-D41169B2EF91,107351005,10994856897,Think Spring has sprung?,,2,,1,1,3,2024-03-19T18:25:20Z,2024-03-19T18:17:44Z,2024-03-19T19:17:44Z,False,"[46.18985, 6.752738333333333]",https://dgtzuqphqg23d.cloudfront.net/tvJc4qkXGosGASw5eZdERZoZUD7G6avROUF4su8qCbo-512x384.jpg,"[512, 384]",,
20,20,20,20,20,0.0,,A53C2B68-6295-4316-9C3E-2C0ACAD31149,107351005,10945126534,Along the Dranse,,2,,1,1,3,2024-03-12T18:37:15Z,2024-03-12T17:04:33Z,2024-03-12T18:04:33Z,False,"[46.194716666666665, 6.690616666666667]",https://dgtzuqphqg23d.cloudfront.net/822lYqyvjrdIw-CXLhxHJhtRmxe0pvLTeDVm7F2l-Lc-512x384.jpg,"[512, 384]",,
21,21,21,21,21,1.0,,BF61F51E-E5BE-4429-8614-CFA8C3CEB3CD,107351005,10945126534,Along the Dranse,,2,,1,1,3,2024-03-12T18:37:15Z,2024-03-12T17:25:10Z,2024-03-12T18:25:10Z,False,"[46.192661666666666, 6.695638333333333]",https://dgtzuqphqg23d.cloudfront.net/ikfCSySDcNMZOWVkIvUnFK-YeUIf-QtVdLWmmZSPcXE-384x512.jpg,"[384, 512]",,
22,22,22,22,22,0.0,,C26EAEFC-9E89-46CD-8FBC-9657A80ABE9B,107351005,10855669799,Waterfall visit,,2,,1,1,3,2024-02-28T16:54:58Z,2024-02-28T15:56:26Z,2024-02-28T16:56:26Z,False,"[46.1658445, 6.711953333333334]",https://dgtzuqphqg23d.cloudfront.net/mDxpw0Nb1FcqxxqGFD3zaYssiW60CDeMB7YzyBptvL4-384x512.jpg,"[384, 512]",,
23,23,23,23,23,1.0,,94EC92C9-A143-4C66-8F83-5EA91349447B,107351005,10855669799,Waterfall visit,,2,,1,1,3,2024-02-28T16:54:58Z,2024-02-28T16:02:20Z,2024-02-28T17:02:20Z,False,"[46.168663333333335, 6.70775]",https://dgtzuqphqg23d.cloudfront.net/aNEhuWmRa7nKxCGcIoGnKYROF19agYEXtYXQtVsZvPg-512x384.jpg,"[512, 384]",,
24,24,24,24,24,0.0,,ABCFA070-A8BF-4C96-B61D-226D9AAAA716,107351005,10828695422,Ran the whole bus route,,2,,1,1,3,2024-02-24T17:41:31Z,2024-02-24T16:24:04Z,2024-02-24T17:24:04Z,False,"[46.18945333333333, 6.746145]",https://dgtzuqphqg23d.cloudfront.net/LKhsNNLND6TVrit2Bsy6DpeTPjhXU5KdDnRth3Sf5oc-384x512.jpg,"[384, 512]",,
25,25,25,25,25,1.0,,4F862F54-9E9D-4910-877D-38B5E72DB20D,107351005,10828695422,Ran the whole bus route,,2,,1,1,3,2024-02-24T17:41:31Z,2024-02-24T17:19:50Z,2024-02-24T18:19:50Z,False,"[46.187416666666664, 6.7369666666666665]",https://dgtzuqphqg23d.cloudfront.net/-xrR0xApakD3tsPPm7uo1qnG6brPGRi6SyBMkCFoRMU-384x512.jpg,"[384, 512]",,
26,26,26,26,26,0.0,,9A70A016-E5DB-4BCE-B915-D86A619FCBA0,107351005,10791692624,Sunrise hike up Mt. ChÃ©ry,,2,,1,1,3,2024-02-19T07:10:10Z,2024-02-19T05:28:37Z,2024-02-19T06:28:37Z,False,"[46.169095, 6.645561666666667]",https://dgtzuqphqg23d.cloudfront.net/rQFREuWWkzbU43HTLpF9k09h4YXvJW0vo2FrBW7uRF8-384x512.jpg,"[384, 512]",,
27,27,27,27,27,1.0,,1B509103-586C-45FF-A43D-BEED08A8FA1C,107351005,10791692624,Sunrise hike up Mt. ChÃ©ry,,2,,1,1,3,2024-02-19T07:10:10Z,2024-02-19T05:51:52Z,2024-02-19T06:51:52Z,False,"[46.16893833333334, 6.648045]",https://dgtzuqphqg23d.cloudfront.net/C9_jfaOLihusI0iW7NhOjBQQBK-rcIXA53jAJshjcq8-512x384.jpg,"[512, 384]",,
28,28,28,28,28,2.0,,13F37E43-943A-4138-A750-9FA762D6652A,107351005,10791692624,Sunrise hike up Mt. ChÃ©ry,,2,,1,1,3,2024-02-19T07:10:10Z,2024-02-19T05:55:53Z,2024-02-19T06:55:53Z,False,"[46.16898666666667, 6.648055]",https://dgtzuqphqg23d.cloudfront.net/ptFqPPqT3QG3TYOnYEbQdWL1IHI5MDEfOk0V7W-Ta3w-512x384.jpg,"[512, 384]",,
29,29,29,29,29,3.0,,F3EE2E59-6C4D-424E-85FF-FBD553239AF6,107351005,10791692624,Sunrise hike up Mt. ChÃ©ry,,2,,1,1,3,2024-02-19T07:10:10Z,2024-02-19T05:58:22Z,2024-02-19T06:58:22Z,False,"[46.169003333333336, 6.648041666666667]",https://dgtzuqphqg23d.cloudfront.net/t31DqM9na-wvzaePK1zLn9rPTh_CHQc60Zkt1oa8mck-384x512.jpg,"[384, 512]",,
30,30,30,30,30,4.0,,2AC53E2D-C125-44C3-8831-35DAD9DC387B,107351005,10791692624,Sunrise hike up Mt. ChÃ©ry,,2,,1,1,3,2024-02-19T07:10:10Z,2024-02-19T06:15:47Z,2024-02-19T07:15:47Z,False,"[46.169003333333336, 6.648013333333333]",https://dgtzuqphqg23d.cloudfront.net/b4kzcEQMoeMrbHg1t7_TH6gGIvvzXFDIy8f_1pG5oLs-512x384.jpg,"[512, 384]",,
31,31,31,31,31,5.0,,90AFEEB4-FC03-4D3F-B4CA-08D3F0349A5C,107351005,10791692624,Sunrise hike up Mt. ChÃ©ry,,2,,1,1,3,2024-02-19T07:10:10Z,2024-02-19T06:30:28Z,2024-02-19T07:30:28Z,False,"[46.1643, 6.642863333333334]",https://dgtzuqphqg23d.cloudfront.net/IIDGc0V5ZKiDLGRwrp6xFs8vNDoqFxhTzXa_W9iNbAc-512x384.jpg,"[512, 384]",,
32,32,32,32,32,6.0,,77482DD6-2BD0-46AE-B013-893D22699D86,107351005,10791692624,Sunrise hike up Mt. ChÃ©ry,,2,,1,1,3,2024-02-19T07:10:10Z,2024-02-19T06:53:24Z,2024-02-19T07:53:24Z,False,"[46.170411666666666, 6.639096666666667]",https://dgtzuqphqg23d.cloudfront.net/c_ICEK7_ER8_YB5H3lKHjmhnyqWioJ34dZsm2OmeIMo-384x512.jpg,"[384, 512]",,
33,33,33,33,33,0.0,,258348A7-C6D2-4386-8DEB-741A77D1C582,107351005,10774577256,Is it cheating to run down and get the bus back up?,,2,,1,1,3,2024-02-16T17:52:28Z,2024-02-16T17:51:07Z,2024-02-16T18:51:07Z,False,"[46.18007166666667, 6.706445]",https://dgtzuqphqg23d.cloudfront.net/VhhxPtn057kAjgY4-WCzdv5mERbM9_fBpfmZb-qJKD8-512x384.jpg,"[512, 384]",,
34,34,34,34,34,0.0,,F4F7A080-C721-4673-88E8-01E5BF4D19B5,107351005,10746654541,Pt 2. Run/walk/slide back down,,2,,1,1,3,2024-02-12T13:22:29Z,2024-02-12T13:08:28Z,2024-02-12T14:08:28Z,False,"[46.188316666666665, 6.762686666666667]",https://dgtzuqphqg23d.cloudfront.net/PFlBvrveWLKRkCJfkjP-nCLGZsI16K2xHP7h403u-zU-512x384.jpg,"[512, 384]",,
35,35,35,35,35,0.0,,E37E6836-D04A-42E4-89EC-4A70406FC9FC,107351005,10746654603,Pt 1. Hike half way up to Avoriaz,,2,,1,1,1,,,,False,,,,https://d3nn82uaxijpm6.cloudfront.net/assets/media/placeholder-photo@4x-13b0b44cfa828acc8b95d8dc4b8157d87666aa1ea8ef814c6ec36cd542d2b756.png,"[1372, 1000]"
36,36,36,36,36,1.0,,C974768F-456E-4E70-A835-DD40E6413C6F,107351005,10746654603,Pt 1. Hike half way up to Avoriaz,,2,,1,1,1,,,,False,,,,https://d3nn82uaxijpm6.cloudfront.net/assets/media/placeholder-photo@4x-13b0b44cfa828acc8b95d8dc4b8157d87666aa1ea8ef814c6ec36cd542d2b756.png,"[1372, 1000]"
37,37,37,37,37,2.0,,65F3A1A5-5F61-4F21-A0A9-E0330760F6EA,107351005,10746654603,Pt 1. Hike half way up to Avoriaz,,2,,1,1,1,,,,False,,,,https://d3nn82uaxijpm6.cloudfront.net/assets/media/placeholder-photo@4x-13b0b44cfa828acc8b95d8dc4b8157d87666aa1ea8ef814c6ec36cd542d2b756.png,"[1372, 1000]"
38,38,38,38,38,3.0,,F32B69CA-D090-4545-AA85-49F903C9BA02,107351005,10746654603,Pt 1. Hike half way up to Avoriaz,,2,,1,1,1,,,,False,,,,https://d3nn82uaxijpm6.cloudfront.net/assets/media/placeholder-photo@4x-13b0b44cfa828acc8b95d8dc4b8157d87666aa1ea8ef814c6ec36cd542d2b756.png,"[1372, 1000]"
39,39,39,39,39,4.0,,4F95B27C-C40E-4D49-8E16-18A321891653,107351005,10746654603,Pt 1. Hike half way up to Avoriaz,,2,,1,1,3,2024-02-12T13:26:30Z,2024-02-12T12:26:21Z,2024-02-12T13:26:21Z,False,"[46.19017, 6.7598883333333335]",https://dgtzuqphqg23d.cloudfront.net/nU-mqfKhQ3bnZTrnK1RrkzJXtj9cFjwbyO--zWBr3Nw-384x512.jpg,"[384, 512]",,
40,40,40,40,40,5.0,,D0E71288-AFFB-4EFF-A52E-D8941B851719,107351005,10746654603,Pt 1. Hike half way up to Avoriaz,,2,,1,1,3,2024-02-12T13:26:30Z,2024-02-12T12:42:06Z,2024-02-12T13:42:06Z,False,"[46.189186666666664, 6.7470783333333335]",https://dgtzuqphqg23d.cloudfront.net/QL_yKFVzIn0pkW9j1ZoaOpyfX8IUR_XiJOwERu0oY2s-384x512.jpg,"[384, 512]",,
41,41,41,41,41,6.0,,8EC5B3F8-EBC4-4FD1-BB70-760EB950CAFB,107351005,10746654603,Pt 1. Hike half way up to Avoriaz,,2,,1,1,3,2024-02-12T13:26:30Z,2024-02-12T12:46:42Z,2024-02-12T13:46:42Z,False,"[46.187455, 6.763095]",https://dgtzuqphqg23d.cloudfront.net/XiqjY8F7d5T8Rqa2JypRTx_5EJLZW36AasaFz-sETcg-384x512.jpg,"[384, 512]",,
42,42,42,42,42,7.0,,E377DCA7-7D7D-4CE5-9D9E-D9CEDFCF1A14,107351005,10746654603,Pt 1. Hike half way up to Avoriaz,,2,,1,1,3,2024-02-12T13:26:30Z,2024-02-12T12:52:27Z,2024-02-12T13:52:27Z,False,"[46.186875, 6.764546666666667]",https://dgtzuqphqg23d.cloudfront.net/4o4WlbBX-8rzuzcVayaOydilGZt0-PAnkvt4WzOCpMM-384x512.jpg,"[384, 512]",,
43,43,43,43,43,0.0,,9643D8B9-B8A8-4305-9A80-CF47A2E3ADBF,107351005,10715932949,Go a bit further every time I do the hill,,2,,1,1,3,2024-02-07T17:33:42Z,2024-02-07T17:31:42Z,2024-02-07T18:31:42Z,False,"[46.189771666666665, 6.752395]",https://dgtzuqphqg23d.cloudfront.net/GLfHelQACc-KRSeM6VYqbPxh7fxgq_BkQ9aYKl179w4-384x512.jpg,"[384, 512]",,
44,44,44,44,44,0.0,,A4B30523-694A-4D51-89EE-DED1CD30F0DC,107351005,10659085467,After dropping Simran off at her lesson ðŸ’•â›·ï¸,,2,,1,1,3,2024-01-30T10:16:37Z,2024-01-30T08:08:01Z,2024-01-30T09:08:01Z,False,"[46.18883, 6.774558333333333]",https://dgtzuqphqg23d.cloudfront.net/kLEt0J6KZACvY6SvjA0ADUiQZX3gjqqVM7hFYXKvkfM-512x384.jpg,"[512, 384]",,
45,45,45,45,45,1.0,,92488E77-B313-4540-B38B-1CA19FC1A81B,107351005,10659085467,After dropping Simran off at her lesson ðŸ’•â›·ï¸,,2,,1,1,3,2024-01-30T10:16:37Z,2024-01-30T09:46:13Z,2024-01-30T10:46:13Z,False,"[46.17875333333333, 6.712036666666666]",https://dgtzuqphqg23d.cloudfront.net/ldj3BMv585_HV2KJ2HgS1j2iBF2Xco1_XksU1baxQP4-512x384.jpg,"[512, 384]",,
46,46,46,46,46,0.0,,14CADF3D-2E15-4D04-89BD-EABA792C841B,107351005,10631682177,La Cascade de Nyon,,2,,1,1,3,2024-01-26T09:06:19Z,2024-01-26T08:32:56Z,2024-01-26T09:32:56Z,False,"[46.16588616666667, 6.712103333333333]",https://dgtzuqphqg23d.cloudfront.net/PREE3XeHLMuqHnsHGNDMzTx19ocQA5yMY6tVUPT1OUQ-384x512.jpg,"[384, 512]",,
47,47,47,47,47,1.0,,3F904284-79BC-40D9-BBAE-919C10741884,107351005,10631682177,La Cascade de Nyon,,2,,1,1,3,2024-01-26T09:07:21Z,2024-01-21T14:23:12Z,2024-01-21T15:23:12Z,False,"[46.16605, 6.711988333333333]",https://dgtzuqphqg23d.cloudfront.net/MfDf8940eLf2KQ6Mc7nWE1Ey_9hO_dL6MU6gN30q8Io-384x512.jpg,"[384, 512]",,
48,48,48,48,48,2.0,,DB21F534-E34C-4A6D-8FEA-0D3E4C999A44,107351005,10631682177,La Cascade de Nyon,,2,,1,1,3,2024-01-26T09:07:17Z,2024-01-21T14:36:45Z,2024-01-21T15:36:45Z,False,"[46.1656945, 6.711566666666666]",https://dgtzuqphqg23d.cloudfront.net/YL21mVOFJJTkRRUkwrBHsXFciR7LfmR0-72YYOFAS2M-512x384.jpg,"[512, 384]",,
49,49,49,49,49,0.0,,5A7A073F-F06D-4171-AE32-983F2C6998AD,107351005,10592620372,Actually canâ€™t cope with how steep this hill is,,2,,1,1,3,2024-01-20T09:35:48Z,2024-01-20T09:08:01Z,2024-01-20T10:08:01Z,False,"[46.182658333333336, 6.728055]",https://dgtzuqphqg23d.cloudfront.net/cU_EqHY6QRvLI1wn1AnDvSTi1TWI7HE-UwnP2x_xXCw-384x512.jpg,"[384, 512]",,
50,50,50,50,50,1.0,,D44554A7-B061-4E06-BE1C-E39E9A43D873,107351005,10592620372,Actually canâ€™t cope with how steep this hill is,,2,,1,1,3,2024-01-20T09:35:48Z,2024-01-20T08:51:33Z,2024-01-20T09:51:33Z,False,"[46.187545, 6.740233333333333]",https://dgtzuqphqg23d.cloudfront.net/40MdISqIzrlbgsSVR-owikebI1yjT02AeiBsyDeKq8c-512x384.jpg,"[512, 384]",,
51,51,51,51,51,0.0,,3099CC2A-9670-4CAA-B74C-3396AAA6ADD9,107351005,10535929341,These steps defeated me,,2,,1,1,3,2024-01-11T09:07:52Z,2024-01-11T08:49:37Z,2024-01-11T09:49:37Z,False,"[46.1839, 6.704336666666666]",https://dgtzuqphqg23d.cloudfront.net/03-83aNfWow8VGNDhfjm-dQehwHwK21e2xWjeohAOCI-384x512.jpg,"[384, 512]",,
52,52,52,52,52,1.0,,A9F0FBB3-AFE1-4272-991E-81DBA4B0F1BE,107351005,10535929341,These steps defeated me,,2,,1,1,3,2024-01-11T09:07:52Z,2024-01-11T08:57:38Z,2024-01-11T09:57:38Z,False,"[46.180733333333336, 6.705588333333333]",https://dgtzuqphqg23d.cloudfront.net/aJRKFDthILNFkGtFr9t-wuTUFzEGJ4Ua6-Wde29wvJc-512x384.jpg,"[512, 384]",,
53,53,53,53,53,2.0,,C2DE5F55-2584-4BE2-928F-B61069C11A8B,107351005,10535929341,These steps defeated me,,2,,1,1,3,2024-01-11T09:07:52Z,2024-01-11T08:55:01Z,2024-01-11T09:55:01Z,False,"[46.18147, 6.703328333333333]",https://dgtzuqphqg23d.cloudfront.net/PEIQCIqyqgb5FM_mlK6fj7YtdwrLQSmjHlS-jrJ9-hQ-512x384.jpg,"[512, 384]",,
54,54,54,54,54,0.0,,493231E4-E1B9-4C8C-9D53-687BB8497C59,107351005,10493079218,A different sort of aprÃ¨s,,2,,1,1,3,2024-01-04T16:03:06Z,2024-01-04T15:45:21Z,2024-01-04T16:45:21Z,True,"[46.187216666666664, 6.737866666666667]",https://dgtzuqphqg23d.cloudfront.net/Gsk5xcKOfvJXOEyVTBK9d9FzraZQo9KbVDP-XBzJaL0-512x384.jpg,"[512, 384]",,
55,55,55,55,55,1.0,,520BDEAC-A534-4864-A508-9DE58866987A,107351005,10493079218,A different sort of aprÃ¨s,,2,,1,1,3,2024-01-04T16:03:06Z,2024-01-04T15:59:30Z,2024-01-04T16:59:30Z,False,"[46.18982833333333, 6.752483333333333]",https://dgtzuqphqg23d.cloudfront.net/ZlDTRGereY-KWUzdHSkRF1Hfpojmk88QbLAVyBsJL14-384x512.jpg,"[384, 512]",,
56,56,56,56,56,0.0,,334C27E3-3AAE-486F-A735-E077D3B7855F,107351005,10446053324,That incline!,,2,,1,1,3,2023-12-27T17:08:58Z,2023-12-27T17:08:23Z,2023-12-27T18:08:23Z,False,"[46.18972, 6.75225]",https://dgtzuqphqg23d.cloudfront.net/0VEBAhaZUZYVGLujw_JffA92Gt686TNwEyHH2VB4d2E-384x512.jpg,"[384, 512]",,
57,57,57,57,57,0.0,,FC770ED0-D02B-4BC5-9F05-9881AC394553,107351005,10336705607,Last run for a while probably! Au revoir Nottingham ðŸ‘‹,,2,,1,1,3,2023-12-06T10:30:31Z,2023-12-06T09:38:05Z,2023-12-06T09:38:05Z,False,,https://dgtzuqphqg23d.cloudfront.net/_dDwJWRzrrQTCWy5SfZFcg8SIJ9MM-Q_PKjfbdXI6-4-359x512.jpg,"[359, 512]",,
58,58,58,58,58,1.0,,D4BF51D3-3E3B-4CE6-B07B-26F045A4C6AD,107351005,10336705607,Last run for a while probably! Au revoir Nottingham ðŸ‘‹,,2,,1,1,3,2023-12-06T10:30:31Z,2023-12-06T09:42:00Z,2023-12-06T09:42:00Z,False,"[52.912495, -1.2113800000000001]",https://dgtzuqphqg23d.cloudfront.net/umZP7bl_F7D7Jc8ar4zFopRixf4COktq_iN5hVHlHYY-512x384.jpg,"[512, 384]",,
59,59,59,59,59,2.0,,6D58C539-1B11-4084-A18D-14D579D73D88,107351005,10336705607,Last run for a while probably! Au revoir Nottingham ðŸ‘‹,,2,,1,1,3,2023-12-06T10:30:31Z,2023-12-06T09:45:55Z,2023-12-06T09:45:55Z,False,"[52.91333, -1.2031333333333334]",https://dgtzuqphqg23d.cloudfront.net/uEz0oVw0ejCD2AC-SKQ34CaiOFxZuQ6FtR3QoxXQIqY-512x384.jpg,"[512, 384]",,
60,60,60,60,60,0.0,,483B14B6-4816-4111-8048-0B1310C9633E,107351005,10309973206,Freezing but gorgeous,,2,,1,1,3,2023-12-01T08:19:55Z,2023-12-01T07:49:42Z,2023-12-01T07:49:42Z,False,"[52.93336166666667, -1.20457]",https://dgtzuqphqg23d.cloudfront.net/nZZgoi2anANaOuSiYaezqK2gwdzVw3WLD1_iE9Ivj_0-512x384.jpg,"[512, 384]",,
61,61,61,61,61,1.0,,860D8D2C-1B23-459C-8BE7-1DA6B3D1E42E,107351005,10309973206,Freezing but gorgeous,,2,,1,1,3,2023-12-01T08:19:55Z,2023-12-01T07:59:04Z,2023-12-01T07:59:04Z,False,"[52.93711166666667, -1.1914383333333334]",https://dgtzuqphqg23d.cloudfront.net/rtoxspNUvT2DMZfVDL0-ew1VD4BpDF6hY_L847VEWAA-384x512.jpg,"[384, 512]",,
62,62,62,62,62,2.0,,087B0853-6C6D-4AAF-BA5A-763452AA6D2B,107351005,10309973206,Freezing but gorgeous,,2,,1,1,3,2023-12-01T08:19:55Z,2023-12-01T08:10:13Z,2023-12-01T08:10:13Z,False,"[52.929325, -1.21102]",https://dgtzuqphqg23d.cloudfront.net/IWsQjY2wsMm-ajZHMqNjj3V60FbqPT4JbxQU524ksh0-512x384.jpg,"[512, 384]",,
63,63,63,63,63,3.0,,97CE74C2-EC6E-441C-94C3-BE11F98D1AE7,107351005,10309973206,Freezing but gorgeous,,2,,1,1,3,2023-12-01T08:19:55Z,2023-12-01T08:10:27Z,2023-12-01T08:10:27Z,False,"[52.92908, -1.211025]",https://dgtzuqphqg23d.cloudfront.net/Hk1MSst43hGejHDwinOSiEmEpky89VOgJuTI7Z20YG4-512x384.jpg,"[512, 384]",,
64,64,64,64,64,0.0,,133336E3-9F68-407A-857C-AB897B769CB8,107351005,10296531709,Got the orange T on,,2,,1,1,3,2023-11-28T18:12:12Z,2023-11-28T18:11:11Z,2023-11-28T18:11:11Z,False,"[52.928203333333336, -1.2222283333333333]",https://dgtzuqphqg23d.cloudfront.net/JEq8YWRylz6y-pFYZ92DfjYRne-41SFxJ5eDle5kTKs-384x512.jpg,"[384, 512]",,
65,65,65,65,65,0.0,,2817673A-ED59-4397-8F74-2B504E6E76BA,107351005,10285677211,Probs my last time round the Trent for a little while,,2,,1,1,3,2023-11-26T15:44:15Z,2023-11-26T15:27:15Z,2023-11-26T15:27:15Z,False,"[52.93237833333333, -1.1448138333333333]",https://dgtzuqphqg23d.cloudfront.net/Od6m-9KyTIHyU5GPL8IKlqFiZKQWhLCbk-IgmKNJpME-384x512.jpg,"[384, 512]",,
66,66,66,66,66,0.0,,32CEBB6B-0CD5-45AF-B99E-BE378A095BE0,107351005,10270100560,Soooo windy!,,2,,1,1,3,2023-11-23T18:52:06Z,2023-11-23T18:51:18Z,2023-11-23T18:51:18Z,False,"[52.927925, -1.2228666666666665]",https://dgtzuqphqg23d.cloudfront.net/3iKjtfTxVdENuLsIjogku8s-wcNLGmcPXzTtYQBXpJo-512x384.jpg,"[512, 384]",,
67,67,67,67,67,0.0,,27BD217A-3A8D-4684-B725-549CE69BEAD2,107351005,10255298325,Grim weather,,2,,1,1,3,2023-11-21T08:20:15Z,2023-11-21T08:18:17Z,2023-11-21T08:18:17Z,False,"[52.92881166666667, -1.22112]",https://dgtzuqphqg23d.cloudfront.net/SUSPJaRjfh131Cdrn8cD7FBNkGDI6Xjj93lY4YJ9rx0-384x512.jpg,"[384, 512]",,
68,68,68,68,68,0.0,,90AA0786-B92A-474E-9303-2BFA1E3DEF57,107351005,10245290535,MAN that was so much harder than it used to be!,,2,,1,1,3,2023-11-19T12:23:34Z,2023-11-19T08:34:44Z,2023-11-19T08:34:44Z,False,"[52.913005, -1.2067166666666667]",https://dgtzuqphqg23d.cloudfront.net/WBN8nym3UEcs79TXjbJF57Ew4PWJfEeGpF-H9SDD_eQ-512x384.jpg,"[512, 384]",,
69,69,69,69,69,0.0,,2C8C42C1-1576-4521-98D8-EB3D8B592F16,107351005,10221154626,Good morning!,,2,,1,1,3,2023-11-15T07:50:01Z,2023-11-15T07:39:29Z,2023-11-15T07:39:29Z,False,"[52.93398666666667, -1.2315383333333334]",https://dgtzuqphqg23d.cloudfront.net/FSpWObbOWwjjc73derdIIh5VBE-Xco9JIOn2orTRNhY-512x384.jpg,"[512, 384]",,
70,70,70,70,70,0.0,,C5316491-D406-4707-A1C3-CBE951C17509,107351005,10177839661,Lake is very dark in the winter,,2,,1,1,3,2023-11-07T17:58:53Z,2023-11-07T17:40:53Z,2023-11-07T17:40:53Z,False,"[52.937491666666666, -1.1898366666666667]",https://dgtzuqphqg23d.cloudfront.net/SQLXGzOCyjeFYuNQGq33ldqdMFg0-k2KeN_1NLcHAMM-384x512.jpg,"[384, 512]",,
71,71,71,71,71,0.0,,2972E666-BEA2-41D1-8496-ECE9DB495460,107351005,10158196693,Keele and Jed ðŸ¥°,,2,,1,1,3,2023-11-04T12:17:44Z,2023-11-04T11:44:35Z,2023-11-04T11:44:35Z,False,"[51.48778, -0.231045]",https://dgtzuqphqg23d.cloudfront.net/7OutOCgasAd80L1N7xnElUv_U7lcPrO3UL5HAzheAsw-512x384.jpg,"[512, 384]",,
72,72,72,72,72,0.0,,C6B9A81F-A0A9-4388-8A6D-89BC9436640A,107351005,10137586598,Gate was closed cos of Halloween â˜¹ï¸,,2,,1,1,3,2023-10-31T18:07:48Z,2023-10-31T17:50:37Z,2023-10-31T17:50:37Z,False,"[52.933946666666664, -1.2407083333333333]",https://dgtzuqphqg23d.cloudfront.net/nq6zRn7C8c7JJBlXnG6YzHzQgvIeOIKCIWEL8VG7gXc-512x384.jpg,"[512, 384]",,
73,73,73,73,73,0.0,,FE8869A5-1891-466C-B51E-3823182EC3B6,107351005,10114231305,Itâ€™s the weekend wooooo,,2,,1,1,3,2023-10-27T16:54:34Z,2023-10-27T16:32:32Z,2023-10-27T17:32:32Z,False,"[52.935203333333334, -1.19598]",https://dgtzuqphqg23d.cloudfront.net/QQpmAG5zdKc6eZoo73yGR_yg5oknwscROEP1BWp6exc-512x384.jpg,"[512, 384]",,
74,74,74,74,74,0.0,,9B46064B-B338-4C5A-B941-2EE7FF0574E1,107351005,10082235523,Itâ€™s gonna be a beaut day,,2,,1,1,3,2023-10-22T08:53:02Z,2023-10-22T08:43:49Z,2023-10-22T09:43:49Z,False,"[52.933708333333335, -1.2276533333333333]",https://dgtzuqphqg23d.cloudfront.net/3GxPdn-AGo6ZVfnlXOMwlayfn_r1eF5CHKpIHF1BCtc-512x384.jpg,"[512, 384]",,
75,75,75,75,75,0.0,,E227FC9F-C086-439B-95A3-28151ED87876,107351005,10038272776,Ben Nevis! ðŸ”ï¸,,2,,1,1,3,2023-10-14T16:44:51Z,2023-10-14T08:52:08Z,2023-10-14T09:52:08Z,False,,https://dgtzuqphqg23d.cloudfront.net/B9-uFM8d0PJO0KcJFt-M5TubRfORL-PLya8c2YPmZdk-384x512.jpg,"[384, 512]",,
76,76,76,76,76,1.0,,081D3AFD-F72C-4887-93DA-76AD987612D0,107351005,10038272776,Ben Nevis! ðŸ”ï¸,,2,,1,1,3,2023-10-14T16:44:51Z,2023-10-14T10:08:56Z,2023-10-14T11:08:56Z,False,"[56.799375, -5.0320555]",https://dgtzuqphqg23d.cloudfront.net/tJw395sirNCXt7i7APwPqHrfi6D5_eLck4_HqZpVM0w-384x512.jpg,"[384, 512]",,
77,77,77,77,77,2.0,,FC6B5CE5-9744-4D11-B2EF-8B2FEAC13573,107351005,10038272776,Ben Nevis! ðŸ”ï¸,,2,,1,1,3,2023-10-14T16:44:51Z,2023-10-14T10:17:37Z,2023-10-14T11:17:37Z,False,"[56.797925, -5.031486166666666]",https://dgtzuqphqg23d.cloudfront.net/ec00PjadkCMZZ6QmEC04OoD84pVj6grm4oelW0UUXVQ-512x384.jpg,"[512, 384]",,
78,78,78,78,78,3.0,,15697556-0849-430A-9D11-6B7AE8465D6A,107351005,10038272776,Ben Nevis! ðŸ”ï¸,,2,,1,1,3,2023-10-14T16:44:51Z,2023-10-14T11:54:42Z,2023-10-14T12:54:42Z,False,,https://dgtzuqphqg23d.cloudfront.net/pNooLp0UVNm1DR1go5mlKjzxr4oxFpjZ9h4-lmda9-o-512x384.jpg,"[512, 384]",,
79,79,79,79,79,4.0,,9D29EFD7-8683-4C54-84A8-8CDBEDB6A855,107351005,10038272776,Ben Nevis! ðŸ”ï¸,,2,,1,1,3,2023-10-14T16:44:51Z,2023-10-14T15:15:37Z,2023-10-14T16:15:37Z,False,"[56.80828, -5.069966666666667]",https://dgtzuqphqg23d.cloudfront.net/WCuP9G4w-rl4mw8hk_Nj9iMrEOodZo0NNNR5Tzydi2U-384x512.jpg,"[384, 512]",,
80,80,80,80,80,5.0,,61FEB637-E438-412D-84E9-484713D27FDA,107351005,10038272776,Ben Nevis! ðŸ”ï¸,,2,,1,1,3,2023-10-14T16:44:51Z,2023-10-14T15:19:11Z,2023-10-14T16:19:11Z,False,"[56.80966166666666, -5.071661166666667]",https://dgtzuqphqg23d.cloudfront.net/VQ1eT-CRHQElWqJokd5QDaoB-IZLrsimzRS5axTuOBY-512x384.jpg,"[512, 384]",,
81,81,81,81,81,0.0,,64AD6D98-A41C-4B35-88D9-93D9F25EAF4F,107351005,9957234618,Knee not feeling amazing,,2,,1,1,3,2023-10-01T17:16:59Z,2023-10-01T17:15:32Z,2023-10-01T18:15:32Z,False,"[52.92836166666667, -1.222095]",https://dgtzuqphqg23d.cloudfront.net/fjnTmEjyVKaMNzTmvU3alXGj_B2oLrF58T5W-spaY-k-384x512.jpg,"[384, 512]",,
82,82,82,82,82,0.0,,7841C3F7-DDF2-41A1-84A3-85E7F57E0C56,107351005,9910582748,Robin Hood Half Marathon!,,2,,1,1,3,2023-09-24T10:58:16Z,2023-09-24T10:54:35Z,2023-09-24T11:54:35Z,True,"[52.93436166666667, -1.1441361666666667]",https://dgtzuqphqg23d.cloudfront.net/Oz7LjLieZNor62ZjKdBCdcpjPr8jX7u_rLCKGrDmfcE-384x512.jpg,"[384, 512]",,
83,83,83,83,83,0.0,,D2783560-56EC-4567-8DB1-3F21F582E3E7,107351005,9886825011,Malta babyyy,,2,,1,1,3,2023-09-20T15:26:30Z,2023-09-20T14:42:16Z,2023-09-20T16:42:16Z,False,"[35.90576166666666, 14.497275]",https://dgtzuqphqg23d.cloudfront.net/akuYM4BUlz8v9L86YInWBPR3DgZlVF6lK2WSs9aQxsc-512x384.jpg,"[512, 384]",,
84,84,84,84,84,1.0,,02F66ADF-53B6-44EB-8CED-5EC8F01A0DB3,107351005,9886825011,Malta babyyy,,2,,1,1,3,2023-09-20T15:26:30Z,2023-09-20T14:57:00Z,2023-09-20T16:57:00Z,False,"[35.91111166666666, 14.508391666666666]",https://dgtzuqphqg23d.cloudfront.net/RSzUXBzQCfVp30A2gPBs3aBZAwupN8EkrRJWRAdLEQo-512x384.jpg,"[512, 384]",,
85,85,85,85,85,2.0,,E529BB73-7805-4788-B0E9-F4473CD8ACEC,107351005,9886825011,Malta babyyy,,2,,1,1,3,2023-09-20T15:26:30Z,2023-09-20T15:17:30Z,2023-09-20T17:17:30Z,False,"[35.912258333333334, 14.497421666666666]",https://dgtzuqphqg23d.cloudfront.net/_Dax0jieY_v5bZpoN6T-6kyK3e6edKcyCMC8yXN4rIU-384x512.jpg,"[384, 512]",,
86,86,86,86,86,0.0,,69FDE55C-ED18-4E83-B4F7-DC8CAE2D1706,107351005,9855591157,Friday vibes,,2,,1,1,3,2023-09-15T18:17:44Z,2023-09-15T17:49:57Z,2023-09-15T18:49:57Z,False,"[52.92463, -1.234945]",https://dgtzuqphqg23d.cloudfront.net/9r2_8wfBbeOc_fkHuGub0vM0fxHuurTibUxKM79_MjA-512x380.jpg,"[512, 380]",,
87,87,87,87,87,0.0,,9A09419E-5532-4A3F-97A6-C8EA3CAB1718,107351005,9837116029,Hiya Ella!,,2,,1,1,3,2023-09-12T18:40:50Z,2023-09-12T17:24:53Z,2023-09-12T18:24:53Z,False,"[52.91249666666667, -1.2133416666666665]",https://dgtzuqphqg23d.cloudfront.net/xE-k5NtuM-mXsC5UHL6Dhd2-Vvz6f6rDZ9kmBlnQElk-384x512.jpg,"[384, 512]",,
88,88,88,88,88,0.0,,40E00A44-1C46-4319-8BA4-A6923DEA9C67,107351005,9829416721,Drenched,,2,,1,1,3,2023-09-11T17:56:31Z,2023-09-11T17:48:34Z,2023-09-11T18:48:34Z,False,"[52.92863833333333, -1.2214533333333333]",https://dgtzuqphqg23d.cloudfront.net/oApl6lt1V6QJh8SOzI518m1_0DB-jIcMdmuLnaYWNYg-384x512.jpg,"[384, 512]",,
89,89,89,89,89,0.0,,5258E2E0-903D-4F10-BAEB-6C0089C58D8E,107351005,9786203116,Itâ€™s gonna be a beautiful day!,,2,,1,1,3,2023-09-05T07:01:48Z,2023-09-05T06:58:02Z,2023-09-05T07:58:02Z,False,"[52.93145333333333, -1.21613]",https://dgtzuqphqg23d.cloudfront.net/WzOQVeW7bsFh4qAXDM1OPLvHYI4fBUzTz4zK7EG5LYg-512x384.jpg,"[512, 384]",,
90,90,90,90,90,0.0,,B3C31F04-F94F-433D-BE52-3DE748320D33,107351005,9774169803,Nearly ready for Robin Hood,,2,,1,1,3,2023-09-03T10:50:22Z,2023-09-03T08:32:54Z,2023-09-03T09:32:54Z,False,"[52.934171666666664, -1.1996666666666667]",https://dgtzuqphqg23d.cloudfront.net/VnnrQ0S163mpLOpeI0FfLPr7BN-XAo_cB6YFoRdfJig-512x384.jpg,"[512, 384]",,
91,91,91,91,91,1.0,,F9F48A53-5E0F-48DF-B1A5-032A2F5C1680,107351005,9774169803,Nearly ready for Robin Hood,,2,,1,1,3,2023-09-03T10:50:22Z,2023-09-03T09:16:02Z,2023-09-03T10:16:02Z,False,"[52.95211166666667, -1.1876366666666667]",https://dgtzuqphqg23d.cloudfront.net/NMIa6iXsvwPzXjrNFy0yOhjnjQc3ZJuF4RkcuoCDfk4-512x384.jpg,"[512, 384]",,
92,92,92,92,92,2.0,,D4307D18-0FE2-4B60-B5A2-F1F2434C4905,107351005,9774169803,Nearly ready for Robin Hood,,2,,1,1,3,2023-09-03T10:50:22Z,2023-09-03T09:50:01Z,2023-09-03T10:50:01Z,False,"[52.94530833333334, -1.2200866666666665]",https://dgtzuqphqg23d.cloudfront.net/Lg-e5tYXLgj35FczNGkePLlc9k4wZtphy1rSjlKydSM-512x342.jpg,"[512, 342]",,
93,93,93,93,93,3.0,,F3B41783-60B9-48F8-8C2A-90537031D63A,107351005,9774169803,Nearly ready for Robin Hood,,2,,1,1,3,2023-09-03T10:50:22Z,2023-09-03T08:33:02Z,2023-09-03T09:33:02Z,False,"[52.93398666666667, -1.1997333333333333]",https://dgtzuqphqg23d.cloudfront.net/WUD4aSCACfnFE_U-umO1_pTWAykNcx7pLJLkuOiAaLo-512x384.jpg,"[512, 384]",,
94,94,94,94,94,0.0,,97F2C38D-F1F0-489E-9E10-5B71A6CD5F24,107351005,9757410539,Recovery run,,2,,1,1,3,2023-08-31T17:59:57Z,2023-08-31T17:59:06Z,2023-08-31T18:59:06Z,False,"[52.928688333333334, -1.2212883333333333]",https://dgtzuqphqg23d.cloudfront.net/NN0DLsRZQh31hCgQAu4qXtP7i70Zkra39ntaPSZPFao-384x512.jpg,"[384, 512]",,
95,95,95,95,95,0.0,,FD0AA0EC-54D9-47D8-A551-43A2DD65ED73,107351005,9744777505,Shin splints ðŸ¥²,,2,,1,1,3,2023-08-29T18:35:03Z,2023-08-29T17:37:43Z,2023-08-29T18:37:43Z,False,"[52.913545, -1.2197216666666666]",https://dgtzuqphqg23d.cloudfront.net/2869eHTny6iReVwoCJhRmI9_0I8_5yEAqUkkDD6-3n0-384x512.jpg,"[384, 512]",,
96,96,96,96,96,0.0,,1F151A45-C106-4B23-9EA9-D78BE1F8B6E2,107351005,9731377788,"Another Sunday, another run from mum & dadâ€™s",,2,,1,1,3,2023-08-27T14:58:06Z,2023-08-27T14:56:20Z,2023-08-27T15:56:20Z,False,"[52.92677, -1.1357083333333333]",https://dgtzuqphqg23d.cloudfront.net/TOgkBpWBR03fDNS-yFdTn3yOWa-h0jY-JLYgzy09TzQ-512x384.jpg,"[512, 384]",,
97,97,97,97,97,0.0,,33FE9B94-CCE4-4223-A154-7385FFDC1DE9,107351005,9722279350,First Park Run!,,2,,1,1,3,2023-08-26T08:31:09Z,2023-08-26T08:00:19Z,2023-08-26T09:00:19Z,False,"[52.91205333333333, -1.2031216666666666]",https://dgtzuqphqg23d.cloudfront.net/vEdHdl0iu33_2SQ-8yWDuOj2phIfj9rQTJb_YudqrDI-512x384.jpg,"[512, 384]",,
98,98,98,98,98,1.0,,E1559036-668A-4BF7-B034-2E369871A9E8,107351005,9722279350,First Park Run!,,2,,1,1,3,2023-08-26T08:31:31Z,2023-08-26T08:31:21Z,2023-08-26T09:31:21Z,False,,https://dgtzuqphqg23d.cloudfront.net/iPeAPyCXRC2FFhSN9nBNQ9bIu_FFnM2wEq-RbuP-Mi0-288x512.jpg,"[288, 512]",,
99,99,99,99,99,0.0,,69DB5FCF-CB36-4C91-B237-EEB56CE945A6,107351005,9713998134,ðŸŒ»,,2,,1,1,3,2023-08-24T19:09:26Z,2023-08-24T19:01:44Z,2023-08-24T20:01:44Z,False,"[52.928455, -1.222045]",https://dgtzuqphqg23d.cloudfront.net/Nx57bwTrQ2yrMe_eW7zgFCPzrjeEPmZaHvXCv2CebcM-384x512.jpg,"[384, 512]",,
100,100,100,100,100,0.0,,2C5D802C-0DB0-4D7A-A113-25B9E0B3AEEE,107351005,9700186159,That felt GREAT,,2,,1,1,3,2023-08-22T18:06:34Z,2023-08-22T18:05:44Z,2023-08-22T19:05:44Z,False,"[52.92850833333333, -1.2216883333333333]",https://dgtzuqphqg23d.cloudfront.net/qd5gI_sMqbyNevTdM_XPUdMYUpdg99C0up27XxO5cbU-384x512.jpg,"[384, 512]",,
101,101,101,101,101,0.0,,E27D28CD-1917-4DF6-A3AC-CAE470B8E9DC,107351005,9686732091,Hungover and hot,,2,,1,1,3,2023-08-20T15:58:22Z,2023-08-20T15:11:22Z,2023-08-20T16:11:22Z,False,"[52.910795, -1.2136416666666667]",https://dgtzuqphqg23d.cloudfront.net/f1W1qPtVi6YzJtnrsEyn4norjzV78uuP_pK5n7yeHro-384x512.jpg,"[384, 512]",,
102,102,102,102,102,0.0,,65924A38-CA43-4535-BB48-35DB8AA80AAD,107351005,9673838365,Windy!,,2,,1,1,3,2023-08-18T17:32:06Z,2023-08-18T16:55:47Z,2023-08-18T17:55:47Z,False,"[52.914271666666664, -1.1992633333333333]",https://dgtzuqphqg23d.cloudfront.net/TjfWESDgumLtSDGjI56WG-iH-USk8ki10NulNh5GQoU-384x512.jpg,"[384, 512]",,
103,103,103,103,103,0.0,,3E6BA8FC-459D-4F14-BB41-CF0D2FF9EE4D,107351005,9661026839,Dead,,2,,1,1,3,2023-08-16T17:53:56Z,2023-08-16T17:52:07Z,2023-08-16T18:52:07Z,False,"[52.92856666666667, -1.2214583333333333]",https://dgtzuqphqg23d.cloudfront.net/P0SYNC2GLPXdvDIk6UXbe5-nPMY-MkoQ-rLc70ndrtM-384x512.jpg,"[384, 512]",,
104,104,104,104,104,0.0,,54AB9F55-7475-4680-B5F9-68D0862ABC47,107351005,9640519742,Laps of the Regatta,,2,,1,1,3,2023-08-13T15:51:44Z,2023-08-13T14:54:34Z,2023-08-13T15:54:34Z,False,"[52.942058333333335, -1.0943111666666667]",https://dgtzuqphqg23d.cloudfront.net/BcPvljCoIPJ_uGuN_kZ1i5-u3TyHbjuArBjmyf_cbFc-512x384.jpg,"[512, 384]",,
105,105,105,105,105,1.0,,76D80CC9-3CCC-49B7-96C3-8C4938DFF2B5,107351005,9640519742,Laps of the Regatta,,2,,1,1,3,2023-08-13T15:51:44Z,2023-08-13T15:45:51Z,2023-08-13T16:45:51Z,False,"[52.93098333333333, -1.1271778333333333]",https://dgtzuqphqg23d.cloudfront.net/apvN7REBh8HVBmqr6-QNH8rXHZMi939IT5Rwa4h0ppk-384x512.jpg,"[384, 512]",,
106,106,106,106,106,0.0,,8B4F7690-8273-4025-9784-5D41C1476AC3,107351005,9615031563,Do I regret eating a large piece of cake before this run?,,2,,1,1,3,2023-08-09T18:17:07Z,2023-08-09T18:16:22Z,2023-08-09T19:16:22Z,False,"[52.884321666666665, -1.1447028333333333]",https://dgtzuqphqg23d.cloudfront.net/T0ThDa1g-Eo0d-dSEBN0ZGW7803FkKDBQ6whWR_qbYI-384x512.jpg,"[384, 512]",,
107,107,107,107,107,0.0,,803084AF-FA7C-473A-8D84-6608A8B3EAF7,107351005,9607971164,Jackâ€™s first 5k!,,2,,1,1,3,2023-08-08T17:46:29Z,2023-08-08T17:12:05Z,2023-08-08T18:12:05Z,False,"[52.927825, -1.2230333333333334]",https://dgtzuqphqg23d.cloudfront.net/4PYxcUS7uxYjqG_SgthFCsp-etPxn44KKIxnfPMpBAM-384x512.jpg,"[384, 512]",,
108,108,108,108,108,0.0,,6A99D48C-987B-480F-A524-983F43CA5274,107351005,9592520138,Brighton pride!!!,,2,,1,1,3,2023-08-06T10:05:15Z,2023-08-06T10:02:24Z,2023-08-06T11:02:24Z,False,"[50.824845, -0.18171166666666666]",https://dgtzuqphqg23d.cloudfront.net/EevwvBc8cox6UfON9MIZ1lW-MOUGKqp1342gWHq7yJ0-384x512.jpg,"[384, 512]",,
109,109,109,109,109,0.0,,505B6433-0232-4A71-B2CB-606788CA33B6,107351005,9570685404,Very wet run,,2,,1,1,3,2023-08-02T18:30:11Z,2023-08-02T17:32:20Z,2023-08-02T18:32:20Z,False,"[52.95055, -1.2252583333333333]",https://dgtzuqphqg23d.cloudfront.net/Ayl6tayVWYCOM5_1lvf7a4AvrKHf3kTrtAXi3JkrYqc-384x512.jpg,"[384, 512]",,
110,110,110,110,110,1.0,,B8B9EB61-CE63-4FE3-BDD9-B2F0D9F796A8,107351005,9570685404,Very wet run,,2,,1,1,3,2023-08-02T18:30:11Z,2023-08-02T17:57:16Z,2023-08-02T18:57:16Z,False,"[52.94228666666667, -1.2162466666666667]",https://dgtzuqphqg23d.cloudfront.net/GqBDNgyZLS0dZ2XHcX1_nstqpd3yj4MRibX-WooO0nU-512x384.jpg,"[512, 384]",,
111,111,111,111,111,0.0,,B1E8EADD-C25D-40E3-8517-4191F4FD0874,107351005,9557990511,Post tutoring slow run,,2,,1,1,3,2023-07-31T19:57:16Z,2023-07-31T19:34:34Z,2023-07-31T20:34:34Z,False,"[52.992036666666664, -1.1216583333333334]",https://dgtzuqphqg23d.cloudfront.net/6mnqJcR9d0UUEjZqASqB6USpC0UcQTFlxxb3z78VAQs-384x512.jpg,"[384, 512]",,
112,112,112,112,112,1.0,,FF2102E8-0237-426C-87F7-3177B50852C3,107351005,9557990511,Post tutoring slow run,,2,,1,1,3,2023-07-31T19:57:16Z,2023-07-31T19:42:41Z,2023-07-31T20:42:41Z,False,"[52.99216166666667, -1.1095195]",https://dgtzuqphqg23d.cloudfront.net/VXx8f9ky4fZwkP_uTSAaoAzGQhtxHc7TSwqohftC_gM-384x512.jpg,"[384, 512]",,
113,113,113,113,113,0.0,,023E3619-A63C-4305-BD40-2E1887A459BD,107351005,9548870205,Nice 1,,2,,1,1,3,2023-07-30T11:05:21Z,2023-07-30T10:41:11Z,2023-07-30T11:41:11Z,False,"[52.928178333333335, -1.22248]",https://dgtzuqphqg23d.cloudfront.net/FJkVc5SkQghFVAI-ZjIOgx-1hINPbfdm-BejrOmQc-0-384x512.jpg,"[384, 512]",,
114,114,114,114,114,0.0,,AFE0FE0D-D4CF-4A0E-BD7D-0935D9DB911A,107351005,9533158754,This route is BEAUTIFUL,,2,,1,1,3,2023-07-27T18:41:14Z,2023-07-27T18:08:48Z,2023-07-27T19:08:48Z,False,"[52.91905333333333, -1.1907583333333334]",https://dgtzuqphqg23d.cloudfront.net/H1_XIxT3pE8pbfaCcb75uiJiStOEtSH_dWTLj5D9Pvg-384x512.jpg,"[384, 512]",,
115,115,115,115,115,0.0,,4998BB1A-E569-4C1C-8965-25C16A659464,107351005,9520338188,Lil Lidl trip,,2,,1,1,3,2023-07-25T18:19:31Z,2023-07-25T18:16:15Z,2023-07-25T19:16:15Z,False,"[52.92940333333333, -1.2187166666666667]",https://dgtzuqphqg23d.cloudfront.net/9sHRNjWzpLCi1ylDGMoArRz4ivV1PhcxwuFJPD3IPsw-384x512.jpg,"[384, 512]",,
116,116,116,116,116,0.0,,C8918760-77AF-4D1E-850A-92ABF94F7F3D,107351005,9507794456,The grey clouds deceived me,,2,,1,1,3,2023-07-23T16:53:59Z,2023-07-23T13:35:24Z,2023-07-23T14:35:24Z,False,"[52.927525, -1.223795]",https://dgtzuqphqg23d.cloudfront.net/RYheYhuWd-1wzSXxCVykl0vy1MUzCg2rQ9B_e3mkako-384x512.jpg,"[384, 512]",,
117,117,117,117,117,0.0,,CD7B80B8-1DA5-4DF0-88EA-1FB9D513FC87,107351005,9489197976,Back on my home turf,,2,,1,1,3,2023-07-20T17:52:08Z,2023-07-20T17:28:11Z,2023-07-20T18:28:11Z,False,"[52.932516666666665, -1.1391388333333334]",https://dgtzuqphqg23d.cloudfront.net/oG65-dXg8kCgmppcj-2jlcWfAo10aNmWq6BKKWlKys4-512x384.jpg,"[512, 384]",,
118,118,118,118,118,0.0,,54D469DD-6F94-481F-B25A-DD26AAB1BAFE,107351005,9476212799,Havenâ€™t done that route in a while,,2,,1,1,3,2023-07-18T18:07:25Z,2023-07-18T17:19:52Z,2023-07-18T18:19:52Z,False,"[52.913066666666666, -1.2072866666666666]",https://dgtzuqphqg23d.cloudfront.net/LZ9YSzP6D9yLQzsBv9s7e3ekp-zfKViDly33xakR25s-512x384.jpg,"[512, 384]",,
119,119,119,119,119,0.0,,6449BCAF-16A1-42F1-8969-F653E89DEB30,107351005,9463556108,Goodbye Keeeeeele,,2,,1,1,3,2023-07-16T17:02:42Z,2023-07-16T16:25:30Z,2023-07-16T17:25:30Z,False,"[52.92075833333333, -1.207545]",https://dgtzuqphqg23d.cloudfront.net/JrN5wieLiW89HA0HODEclCEu02KlbHG7ogE6fvN0BN0-512x384.jpg,"[512, 384]",,
120,120,120,120,120,0.0,,7A90E711-0EAF-4E26-BCE3-7BAA5661FAF9,107351005,9439042574,Running off my hol injuries,,2,,1,1,3,2023-07-12T18:29:38Z,2023-06-30T15:33:14Z,2023-06-30T16:33:14Z,False,"[39.54161333333333, 19.915086666666667]",https://dgtzuqphqg23d.cloudfront.net/uHCxeaMhKJpq8Ajv2I4BjjSTkZGVdNXNefSqubD5K78-384x512.jpg,"[384, 512]",,
121,121,121,121,121,1.0,,0A28C93E-6CF5-4591-8FFD-1273509D5052,107351005,9439042574,Running off my hol injuries,,2,,1,1,3,2023-07-12T18:29:38Z,2023-07-06T14:05:31Z,2023-07-06T15:05:31Z,False,"[39.675563333333336, 19.70927]",https://dgtzuqphqg23d.cloudfront.net/KlvCzJZnHqQ06MQemV6Md3yOsZz9D6aGekVxJcw3hVA-384x512.jpg,"[384, 512]",,
122,122,122,122,122,0.0,,083AD3F3-55BF-4589-B924-27FBEF35B596,107351005,9426956631,Corfu -> Albania -> Beeston,,2,,1,1,3,2023-07-10T21:42:37Z,2023-07-05T20:43:19Z,2023-07-05T21:43:19Z,False,"[39.797266666666665, 19.698561666666667]",https://dgtzuqphqg23d.cloudfront.net/xmVIf4901W2IHoLNK16H6-XU49Dt7H2lHr9mLWhTF-4-512x384.jpg,"[512, 384]",,
123,123,123,123,123,1.0,,7FE9E4F4-A442-4E4D-B711-AEF4BF87EEA5,107351005,9426956631,Corfu -> Albania -> Beeston,,2,,1,1,3,2023-07-10T21:42:36Z,2023-07-09T18:46:59Z,2023-07-09T19:46:59Z,False,"[39.744258333333335, 19.978486666666665]",https://dgtzuqphqg23d.cloudfront.net/dpKq1ww49e6u6sV-BVHmbR6Yt6Rjmrx7HAyk877oHbU-512x384.jpg,"[512, 384]",,
124,124,124,124,124,2.0,,98103C33-57FC-475C-B818-00065362806B,107351005,9426956631,Corfu -> Albania -> Beeston,,2,,1,1,3,2023-07-10T21:42:36Z,2023-07-10T20:20:13Z,2023-07-10T21:20:13Z,False,"[52.92704666666667, -1.215495]",https://dgtzuqphqg23d.cloudfront.net/aBKR6e7DfVcX5TXwKxdpQdnlDyi9tw7X8q2p-ipVTVE-384x512.jpg,"[384, 512]",,
125,125,125,125,125,0.0,,020D7836-4B6C-49A2-8582-29F47278807B,107351005,9352608272,Pre holibobs run ,,2,,1,1,3,2023-06-28T17:55:04Z,2023-06-28T17:44:46Z,2023-06-28T18:44:46Z,False,"[52.933616666666666, -1.228025]",https://dgtzuqphqg23d.cloudfront.net/stTHUCqvqjhI4CtJZ8T0M5OeoltFYhIWF056s17zZDI-512x384.jpg,"[512, 384]",,
126,126,126,126,126,0.0,,2F36729C-54F7-478E-BD75-7435C1EF6898,107351005,9333898515,BeingReal on my run,,2,,1,1,3,2023-06-25T18:13:00Z,2023-06-25T17:57:30Z,2023-06-25T18:57:30Z,False,,https://dgtzuqphqg23d.cloudfront.net/SaZTGbWVlCW5mNa_1gzF0NIE1v7jndYf5DW1w656z-c-288x512.jpg,"[288, 512]",,
127,127,127,127,127,0.0,,ED0F6BBA-0E3F-4B4C-A2A0-AE2AB51F46BD,107351005,9318264701,Out with the bins,,2,,1,1,3,2023-06-23T08:50:48Z,2023-06-23T07:33:57Z,2023-06-23T08:33:57Z,False,"[52.92811666666667, -1.22245]",https://dgtzuqphqg23d.cloudfront.net/zom-K5ZKCyIngJZDHR10_F9TpOmkKHjB285KJpqGkGY-384x512.jpg,"[384, 512]",,
128,128,128,128,128,1.0,,06B6F700-48E6-486C-BEFE-9E348B4D93AA,107351005,9318264701,Out with the bins,,2,,1,1,3,2023-06-23T08:50:49Z,2023-06-23T07:15:43Z,2023-06-23T08:15:43Z,False,"[52.938725, -1.19953]",https://dgtzuqphqg23d.cloudfront.net/y7F-3ZJbIrEn56hU9bdp7YBeYXE9wht2Fxr1P1saG0Q-512x384.jpg,"[512, 384]",,
129,129,129,129,129,0.0,,43B4E145-FBC7-4B68-A359-916181457E3C,107351005,9295980086,Another route PB woo,,2,,1,1,3,2023-06-19T17:22:23Z,2023-06-19T16:51:40Z,2023-06-19T17:51:40Z,False,"[52.92846333333333, -1.221745]",https://dgtzuqphqg23d.cloudfront.net/6y5s7Sn-CShB3Bp0p8sie-fcKGfyzXlUwNPWT_7rbcE-384x512.jpg,"[384, 512]",,
130,130,130,130,130,0.0,,AAB15BCF-FC80-4D10-B818-33793EDAC30A,107351005,9287239589,Grandmaâ€™s 80th!,,2,,1,1,3,2023-06-18T09:14:26Z,2023-06-18T08:50:41Z,2023-06-18T09:50:41Z,False,"[53.21694166666666, -2.907005]",https://dgtzuqphqg23d.cloudfront.net/Yncypl9oPgM5tpPtb3Iz_qyDwogdWEgUyeXTIndjAzk-512x384.jpg,"[512, 384]",,
131,131,131,131,131,0.0,,1F10DDB6-B245-4C78-816D-1657A6A7C361,107351005,9274880722,Wowwee 27 yrs old,,2,,1,1,3,2023-06-16T07:33:37Z,2023-06-16T06:57:31Z,2023-06-16T07:57:31Z,False,"[52.93794166666667, -1.18983]",https://dgtzuqphqg23d.cloudfront.net/YKL_HWD2mJJWHt8NxzV6te12zqJ9YQxalxZh-cnz_B0-512x384.jpg,"[512, 384]",,
132,132,132,132,132,0.0,,65071B97-2395-4246-B35B-6812E4969C09,107351005,9253388028,New PB for my route,,2,,1,1,3,2023-06-12T19:22:22Z,2023-06-12T19:15:13Z,2023-06-12T20:15:13Z,True,"[52.928641666666664, -1.2213866666666666]",https://dgtzuqphqg23d.cloudfront.net/OXnoMs74mAfbzspApvEw6UUTomLaGIwZ0d7zRrrAd8s-384x512.jpg,"[384, 512]",,
133,133,133,133,133,0.0,,1E62F1BA-E8BB-4E2F-A9BA-25F7DFB73492,107351005,9244063735,That was TOUGH,,2,,1,1,3,2023-06-11T10:06:05Z,2023-06-11T09:29:20Z,2023-06-11T10:29:20Z,False,"[52.91628333333333, -1.195745]",https://dgtzuqphqg23d.cloudfront.net/1a5qbtNQaOth6iuoxC3QBTB_e-KlTpfCXkvzMjAvGFE-512x384.jpg,"[512, 384]",,
134,134,134,134,134,0.0,,F0FEC1DB-EC03-4FBC-9DD5-D7010D099E07,107351005,9228695452,Every evening should be like this,,2,,1,1,3,2023-06-08T19:32:21Z,2023-06-08T18:32:02Z,2023-06-08T19:32:02Z,False,"[52.92819166666666, -1.2223966666666666]",https://dgtzuqphqg23d.cloudfront.net/jerYOC55Ep4iE_H7-xmkLPaS4LB8V0Kwmpnh5_LgM58-384x512.jpg,"[384, 512]",,
135,135,135,135,0,,,D540C5C6-169A-4DA6-A852-B1DED594AA43,107351005,9209795863,Not a fan of an after dinner run,,2,,1,1,3,2023-06-05T21:01:17Z,2023-06-05T20:59:41Z,2023-06-05T21:59:41Z,False,"[52.928221666666666, -1.2222366666666666]",https://dgtzuqphqg23d.cloudfront.net/dslAimW4oUG2p95WRqdGenm9eF3JAf90HJLNsPwIa6I-384x512.jpg,"[384, 512]",,
136,136,136,136,0,,,7D12C01E-5172-4998-BFCB-3E48D2F6AB67,107351005,9201309419,Lake laps,,2,,1,1,3,2023-06-04T13:41:54Z,2023-06-04T08:47:26Z,2023-06-04T09:47:26Z,False,"[52.93385, -1.19942]",https://dgtzuqphqg23d.cloudfront.net/2GmipqW5rZqx8OHSDoTWZzS6HIKXrIt-cC3aaDbXI4Q-384x512.jpg,"[384, 512]",,
137,137,137,137,0,,,543993E7-95B8-4B5E-871B-5D60B3891214,107351005,9183684071,First sub 25 min 5km in an AGE,,2,,1,1,3,2023-06-01T18:05:50Z,2023-06-01T18:03:49Z,2023-06-01T19:03:49Z,False,"[52.926721666666666, -1.1383445]",https://dgtzuqphqg23d.cloudfront.net/pKMceGxstnYvNRFZBWWqawLQ-CgmEc67W02PHms6UXQ-384x512.jpg,"[384, 512]",,
138,138,138,138,0,,,DEB19D0B-B2B3-4FE7-BD1D-6FE9BCB1C53A,107351005,9163418360,Woooo new PB for my fave route,,2,,1,1,3,2023-05-29T14:53:05Z,2023-05-29T14:46:38Z,2023-05-29T15:46:38Z,False,"[52.92889666666667, -1.220855]",https://dgtzuqphqg23d.cloudfront.net/3Zacn62r5V30sTOVuDTRkwfxYcUSg2UeigIRy5HoPV8-384x512.jpg,"[384, 512]",,
139,139,139,139,0,,,26ACAC1D-FC8D-4B55-BFEC-19B2B8531410,107351005,9149384952,Beautiful day to smash the Bramcote Hills Park steps,,2,,1,1,3,2023-05-27T11:36:54Z,2023-05-27T10:53:35Z,2023-05-27T11:53:35Z,False,"[52.941741666666665, -1.256745]",https://dgtzuqphqg23d.cloudfront.net/P1hxf7p8fRiJ9zqMDkWPMhu0YOKz6Tl__NX4Wz-Gw20-384x512.jpg,"[384, 512]",,
140,140,140,140,1,,,5087866D-5EAA-4A7C-BD02-0A3919FC5CF3,107351005,9149384952,Beautiful day to smash the Bramcote Hills Park steps,,2,,1,1,3,2023-05-27T11:36:54Z,2023-05-27T10:37:24Z,2023-05-27T11:37:24Z,False,"[52.92751666666667, -1.2535916666666667]",https://dgtzuqphqg23d.cloudfront.net/TLbZqK7ZKsZUslFHoHvb6_7jKvTYHiueS4pO4_QgtYI-512x384.jpg,"[512, 384]",,
141,141,141,141,0,,,4CF715D1-519A-4FC2-8EBE-EF756706AEC4,107351005,9133303432,Summer is HERE,,2,,1,1,3,2023-05-24T17:55:32Z,2023-05-24T17:44:08Z,2023-05-24T18:44:08Z,False,"[52.93430333333333, -1.2332916666666667]",https://dgtzuqphqg23d.cloudfront.net/pgeGchE3RZBcmE1_6opagKSoOW5nqjHQn9iJ-EwD8f0-512x384.jpg,"[512, 384]",,
142,142,142,142,0,,,84ABF2F8-3654-4504-962B-C9CA87CCE055,107351005,9121679068,Saw a wild simran!!,,2,,1,1,3,2023-05-22T21:16:43Z,2023-05-22T20:02:24Z,2023-05-22T21:02:24Z,False,"[52.92828, -1.2221383333333333]",https://dgtzuqphqg23d.cloudfront.net/dW9w0D3-dQuep--j1OCv_QoV-TN3qKAC79qvOev04wY-384x512.jpg,"[384, 512]",,
143,143,143,143,0,,,9BFE026A-88BA-48AD-BC90-A7732092AF87,107351005,9101467914,That felt gooooood,,2,,1,1,3,2023-05-19T17:17:39Z,2023-05-19T17:06:33Z,2023-05-19T18:06:33Z,False,"[52.933955, -1.2270033333333332]",https://dgtzuqphqg23d.cloudfront.net/Nk6PrX0ddDlbZzdHPqYtGDRyVvB7NYe9NDYUzBBNFkU-384x512.jpg,"[384, 512]",,
144,144,144,144,0,,,4D00824E-6395-4435-86D5-6AB76C9DA33B,107351005,9089834616,Legs feeling tired,,2,,1,1,3,2023-05-17T19:10:40Z,2023-05-17T17:50:26Z,2023-05-17T18:50:26Z,False,"[52.92838666666667, -1.221925]",https://dgtzuqphqg23d.cloudfront.net/TgC2RT8w9HRCIX_nTVq7zOKtv_JVceN1vf4pa7vSAG8-384x512.jpg,"[384, 512]",,
145,145,145,145,0,,,FFFF793F-D1B1-4759-A81F-48F26BBFAA06,107351005,9070190191,Half marathon ðŸ˜¯,,2,,1,1,3,2023-05-14T13:33:41Z,2023-05-14T11:30:18Z,2023-05-14T12:30:18Z,False,"[52.927855, -1.2544083333333333]",https://dgtzuqphqg23d.cloudfront.net/Y_fQzjo1A-p9lV7QbSVsHg9UbmUa5lr6oAatlFohkdY-512x384.jpg,"[512, 384]",,
146,146,146,146,1,,,F9099373-55E9-475B-BBBA-B1782D2B56A1,107351005,9070190191,Half marathon ðŸ˜¯,,2,,1,1,3,2023-05-14T13:33:40Z,2023-05-14T12:16:02Z,2023-05-14T13:16:02Z,False,"[52.94888, -1.2117666666666667]",https://dgtzuqphqg23d.cloudfront.net/e2JmnGR5yHhgnR5k7cOru9IAoASXEqZVQgHRg7A9l5o-384x512.jpg,"[384, 512]",,
147,147,147,147,2,,,EDC5DEBE-34B6-4E0F-8C56-E135ADCB6FBA,107351005,9070190191,Half marathon ðŸ˜¯,,2,,1,1,3,2023-05-14T13:33:41Z,2023-05-14T12:59:24Z,2023-05-14T13:59:24Z,False,"[52.94170833333333, -1.18995]",https://dgtzuqphqg23d.cloudfront.net/YOXnlPH3_MSBH_hTTsLN3ifmwNjOxv2TE7joNQcQn1k-384x512.jpg,"[384, 512]",,
148,148,148,148,3,,,45D0D8CF-E6D9-4C21-BB6D-70091332BF47,107351005,9070190191,Half marathon ðŸ˜¯,,2,,1,1,3,2023-05-14T13:33:40Z,2023-05-14T13:04:06Z,2023-05-14T14:04:06Z,False,"[52.93716166666667, -1.1912633333333333]",https://dgtzuqphqg23d.cloudfront.net/vr3dPR9Gsh0-LtBR6L3Z7q47TocX8GxfXu06DnDp3Zo-512x384.jpg,"[512, 384]",,
149,149,149,149,4,,,A5012530-17BE-4EFB-8573-7CD10FC9DDD5,107351005,9070190191,Half marathon ðŸ˜¯,,2,,1,1,3,2023-05-14T13:33:40Z,2023-05-14T13:24:28Z,2023-05-14T14:24:28Z,False,"[52.92758, -1.2240716666666667]",https://dgtzuqphqg23d.cloudfront.net/e7XaNiVnbu1jdwOsYzVYsnET6hA-ig0ID-xdoIX7uMU-384x512.jpg,"[384, 512]",,
150,150,150,150,0,,,505FA5ED-CE93-4189-873F-E6D7D063F9B8,107351005,9053393282,The weather is all over the place today!,,2,,1,1,3,2023-05-11T18:07:19Z,2023-05-11T16:58:33Z,2023-05-11T17:58:33Z,False,"[52.92536666666667, -1.2381216666666668]",https://dgtzuqphqg23d.cloudfront.net/aLL27wnF-Ghn2cTSV7pkrPGOddcDkQuBi0AalNSakOU-384x512.jpg,"[384, 512]",,
151,151,151,151,0,,,EAABB5E9-E673-415A-84A5-E988E26E9AB2,107351005,9041255478,Nice run,,2,,1,1,3,2023-05-09T18:15:41Z,2023-05-09T18:13:59Z,2023-05-09T19:13:59Z,False,"[52.928075, -1.2226866666666667]",https://dgtzuqphqg23d.cloudfront.net/hINrzpcKQkdh-HugneV_yQhg3GSY5gh-l5VUw80-bgc-384x512.jpg,"[384, 512]",,
152,152,152,152,0,,,08845A1D-2349-41A4-B4B7-FA4B9D3AAE09,107351005,9033664097,Ahhh Strava GPS messed up ,,2,,1,1,3,2023-05-08T13:57:07Z,2023-05-08T13:37:10Z,2023-05-08T14:37:10Z,True,"[52.93622, -1.1957333333333333]",https://dgtzuqphqg23d.cloudfront.net/t2-hmdAtdfDYV5nCNKv19p4CkkZVeX-F9JFsBPiunoc-512x384.jpg,"[512, 384]",,
153,153,153,153,0,,,0C32B66F-2664-4C34-80B6-BAB357508C6C,107351005,9011057142,Feeling tired today,,2,,1,1,3,2023-05-04T18:38:23Z,2023-05-04T18:20:27Z,2023-05-04T19:20:27Z,False,"[52.92787166666667, -1.2232033333333334]",https://dgtzuqphqg23d.cloudfront.net/mVZ21qgcVxokBrY4ez5nGoPXfFxLpvkWPyJNq0VXVy0-384x512.jpg,"[384, 512]",,
154,154,154,154,0,,,9152F172-6141-4D76-A4CA-0965D05C1DFD,107351005,8998082781,Jelly legs from Snowdon,,2,,1,1,3,2023-05-02T18:09:48Z,2023-05-02T18:07:46Z,2023-05-02T19:07:46Z,False,"[52.92818833333333, -1.2224783333333333]",https://dgtzuqphqg23d.cloudfront.net/OtTE7gVgXuAmj13a0qIVAMP5bXDwVvzwVYd8uJY7xa4-384x512.jpg,"[384, 512]",,
155,155,155,155,0,,,6663D6C5-3AC8-4DB4-A480-549CA9C9BF5D,107351005,8973091442,Tried route reversal ,,2,,1,1,3,2023-04-28T17:14:17Z,2023-04-28T17:10:05Z,2023-04-28T18:10:05Z,False,"[52.92802833333333, -1.2227999999999999]",https://dgtzuqphqg23d.cloudfront.net/-UC3lN2JTb5WYWF3ty9QfmgSxb7BxKHVUbeCPARp0B0-384x512.jpg,"[384, 512]",,
156,156,156,156,0,,,75EE85AB-AA61-4058-893A-C5FD243BDF5F,107351005,8956036062,Standard Tuesday evening,,2,,1,1,3,2023-04-25T18:21:54Z,2023-04-25T18:18:50Z,2023-04-25T19:18:50Z,False,"[52.92758, -1.2238033333333334]",https://dgtzuqphqg23d.cloudfront.net/sx_4XmQFfy0U_NzyHiiSjzkCmF0T-T1_ysJgg8JFVns-384x512.jpg,"[384, 512]",,
157,157,157,157,0,,,19E834FC-EDE2-474D-BCF5-8FEA878093AE,107351005,8944751149,Had five guys for lunch ðŸ”ðŸŸ,,2,,1,1,3,2023-04-23T17:49:51Z,2023-04-23T17:46:30Z,2023-04-23T18:46:30Z,False,"[52.92788, -1.2232416666666666]",https://dgtzuqphqg23d.cloudfront.net/XkXf3UM0Ra7S0hb0bioVaSMW0R4X66t2S2xiLmwEuAk-384x512.jpg,"[384, 512]",,
158,158,158,158,0,,,D4BFB0BB-0452-4EFD-A744-0ECA91CF2071,107351005,8926545787,Second time on campus today,,2,,1,1,3,2023-04-20T18:33:11Z,2023-04-20T18:00:37Z,2023-04-20T19:00:37Z,False,"[52.936746666666664, -1.19227]",https://dgtzuqphqg23d.cloudfront.net/KMIlxZxqoXmf96zcRqXshh6Rn6_TkKDiac2t-JfUQdo-512x384.jpg,"[512, 384]",,
159,159,159,159,0,,,C35434AA-5F5A-4B85-9A2F-51E7F3018FFA,107351005,8914066673,What a day!,,2,,1,1,3,2023-04-18T17:35:17Z,2023-04-18T17:31:46Z,2023-04-18T18:31:46Z,False,"[52.92775833333334, -1.223455]",https://dgtzuqphqg23d.cloudfront.net/u-pmmlh3dYUefT8EEV9sNQMW6z-TJZKSEBv-Jbf8XVs-384x512.jpg,"[384, 512]",,
160,160,160,160,0,,,8547C6E9-BDE5-41B6-9A4D-61BCA3273EA6,107351005,8894158137,Getting shin splints ðŸ˜¢,,2,,1,1,3,2023-04-15T12:02:23Z,2023-04-15T11:59:08Z,2023-04-15T12:59:08Z,False,"[52.929336666666664, -1.2188616666666667]",https://dgtzuqphqg23d.cloudfront.net/bI7n9zaAxxYk7-bZOLbQnYv_ZvsJzW1da9I946A-dro-384x512.jpg,"[384, 512]",,
161,161,161,161,0,,,AA3537EF-8019-4362-B2E1-A9C64B3356B8,107351005,8885203818,Just managed to outrun the rain,,2,,1,1,3,2023-04-13T18:24:04Z,2023-04-13T18:17:46Z,2023-04-13T19:17:46Z,False,"[52.92734166666666, -1.2242083333333333]",https://dgtzuqphqg23d.cloudfront.net/OY6uxPG0GWkAywUY7gSHl-rKdlMlRPzC3Wsmp641yrs-384x512.jpg,"[384, 512]",,
162,162,162,162,0,,,3BF658FD-EAC7-44A9-BF13-23F58A13B44C,107351005,8859037329,Happy Easter ðŸ£,,2,,1,1,3,2023-04-09T10:47:54Z,2023-04-09T10:45:04Z,2023-04-09T11:45:04Z,False,"[52.925983333333335, -1.1380471666666667]",https://dgtzuqphqg23d.cloudfront.net/Q_v4TjrCqNc1FoXgEDB0Qt3rmxMRG8DkxdQNAypSjSM-384x512.jpg,"[384, 512]",,
163,163,163,163,0,,,35267F9C-0272-45F8-A48C-8828403C012E,107351005,8844060841,Absolutely beautiful ,,2,,1,1,3,2023-04-06T18:52:22Z,2023-04-06T18:17:44Z,2023-04-06T19:17:44Z,False,"[52.91882833333333, -1.1910883333333333]",https://dgtzuqphqg23d.cloudfront.net/LB19HvoW96GKHD-BiWoFwOFZkqVPkrfTHSsaIHuzW-4-512x384.jpg,"[512, 384]",,
164,164,164,164,1,,,073E71E7-8695-44BF-935D-35080A81171C,107351005,8844060841,Absolutely beautiful ,,2,,1,1,3,2023-04-06T18:52:22Z,2023-04-06T18:10:01Z,2023-04-06T19:10:01Z,False,"[52.91305833333333, -1.20717]",https://dgtzuqphqg23d.cloudfront.net/8s2Fa7-Zm7QatIAcZ5_7lsdoXL5KS-9GGWaQ8sQrAd4-512x384.jpg,"[512, 384]",,
165,165,165,165,0,,,6FA316BD-AE2B-4D78-845B-BAB3EE33B98F,107351005,8832474606,Antibiotics and sleep have been acquired,,2,,1,1,3,2023-04-04T18:15:45Z,2023-04-04T17:55:15Z,2023-04-04T18:55:15Z,False,"[52.933688333333336, -1.227925]",https://dgtzuqphqg23d.cloudfront.net/nWjo6ymQbVKkzPdlN-aJZ-2An-Yb9ZRLWQoXTfmFjTE-512x384.jpg,"[512, 384]",,
166,166,166,166,0,,,54358B16-5016-4F1E-A447-02122027C0E9,107351005,8804364186,Should probably be resting and healing but the evening was too beautiful to waste,,2,,1,1,3,2023-03-30T18:12:51Z,2023-03-30T17:56:32Z,2023-03-30T18:56:32Z,False,"[52.91630833333333, -1.219455]",https://dgtzuqphqg23d.cloudfront.net/9O910PHMsCCVMVZh9SUcRbh-mH2MqJa-y98OSqIzo9c-512x384.jpg,"[512, 384]",,
167,167,167,167,0,,,64602A1C-AC2E-45CB-8359-8E1B349BB282,107351005,8792731740,Think I have tonsillitis ðŸ˜¢,,2,,1,1,3,2023-03-28T17:25:12Z,2023-03-28T17:24:17Z,2023-03-28T18:24:17Z,False,"[52.927413333333334, -1.2241833333333334]",https://dgtzuqphqg23d.cloudfront.net/n34wvKzGXz7VDgsqJW_nLZttxvDTDxQh5KL_qFVeqjA-384x512.jpg,"[384, 512]",,
168,168,168,168,0,,,57D6D727-D45F-4948-9E21-073A001AB482,107351005,8783054474,Omg such a huge hill in Kettlewell,,2,,1,1,3,2023-03-26T20:34:25Z,2023-03-26T10:57:34Z,2023-03-26T11:57:34Z,False,"[54.14933333333333, -2.0396555]",https://dgtzuqphqg23d.cloudfront.net/J-svZ0AZLqTIWbeVSJI-v9y2UwkQ37TqquGT3uuW_t4-384x512.jpg,"[384, 512]",,
169,169,169,169,1,,,600185C4-B4C8-4AEF-9CAA-1EC99662DC23,107351005,8783054474,Omg such a huge hill in Kettlewell,,2,,1,1,3,2023-03-26T20:34:25Z,2023-03-26T10:57:17Z,2023-03-26T11:57:17Z,False,"[54.149372166666666, -2.0396278333333333]",https://dgtzuqphqg23d.cloudfront.net/y9snZq4XE2U5PUro8_VZOOVdKBCiAuco7fD1LRydFyc-384x512.jpg,"[384, 512]",,
170,170,170,170,2,,,CFDA46A7-68C1-4DD4-915B-ACBB9C77B7D1,107351005,8783054474,Omg such a huge hill in Kettlewell,,2,,1,1,3,2023-03-26T20:34:25Z,2023-03-26T10:40:12Z,2023-03-26T11:40:12Z,False,"[54.152908333333336, -2.0311333333333335]",https://dgtzuqphqg23d.cloudfront.net/z9J7hLTNl93Wj0jbUH-SFK7emt2rafq-vs2CLyPJwgA-512x113.jpg,"[512, 113]",,
171,171,171,171,3,,,E1677EEA-FA92-45A4-9EC0-43D330BD7328,107351005,8783054474,Omg such a huge hill in Kettlewell,,2,,1,1,3,2023-03-26T20:34:24Z,2023-03-26T10:28:39Z,2023-03-26T11:28:39Z,False,"[54.14927216666667, -2.0397805]",https://dgtzuqphqg23d.cloudfront.net/taaFFg70-y9asAKFdBsukFVliimqb5ldEOgGmEytdy0-384x512.jpg,"[384, 512]",,
172,172,172,172,4,,,F1DA5075-D122-4488-AB13-0C30EF7BD33F,107351005,8783054474,Omg such a huge hill in Kettlewell,,2,,1,1,3,2023-03-26T20:34:25Z,2023-03-26T10:32:07Z,2023-03-26T11:32:07Z,False,"[54.1508, -2.0370445]",https://dgtzuqphqg23d.cloudfront.net/89q8ZrMJCMFkKQA1ShvegebOZ3L7pT7L3zQ_-fMS61w-384x512.jpg,"[384, 512]",,
173,173,173,173,0,,,24453BDF-1C62-4586-837C-AD3B4D192D79,107351005,8753696929,Ran to the best pub in Beeston ,,2,,1,1,3,2023-03-21T18:26:11Z,2023-03-21T18:12:37Z,2023-03-21T18:12:37Z,False,"[52.924661666666665, -1.215545]",https://dgtzuqphqg23d.cloudfront.net/J--D-HBvTpaD7giyWKLYOnvlPZtbO5bJs63-O1zkpk4-384x512.jpg,"[384, 512]",,
174,174,174,174,0,,,B0E8D50C-EF82-4357-8D7D-485FF2089EAD,107351005,8741644386,Hungover every Sunday,,2,,1,1,3,2023-03-19T14:24:00Z,2023-03-19T13:12:51Z,2023-03-19T13:12:51Z,False,"[52.926496666666665, -1.2267033333333333]",https://dgtzuqphqg23d.cloudfront.net/CgGz9KmAWxyPGM1vR-uFtvrO6PyX5XuAO9Ufuf4_ecE-384x512.jpg,"[384, 512]",,
175,175,175,175,0,,,D8539334-DB1E-4ED7-8E31-25D030A057A7,107351005,8725950029,Good Samaritan run ðŸ’•,,2,,1,1,3,2023-03-16T19:51:15Z,2023-03-16T19:48:43Z,2023-03-16T19:48:43Z,False,"[52.926395, -1.2268916666666667]",https://dgtzuqphqg23d.cloudfront.net/CFXvkCj5hSEGDRzbpxSr4ufTb_b8HXH1PqiWOka5CUk-384x512.jpg,"[384, 512]",,
176,176,176,176,0,,,94C1C57A-5A48-4EAD-9E27-5C715ABF8C6A,107351005,8713960539,Light evening runs are back baby!,,2,,1,1,3,2023-03-14T17:53:04Z,2023-03-14T17:46:43Z,2023-03-14T17:46:43Z,False,"[52.92738333333333, -1.224205]",https://dgtzuqphqg23d.cloudfront.net/-RciHLWQ57owUqVa1JthM07Cr5GrVCgq6Ot3S65QSiM-384x512.jpg,"[384, 512]",,
177,177,177,177,0,,,D8931581-CE88-4578-8C1D-B2974F92F8BF,107351005,8703952183,Bunnies!,,2,,1,1,3,2023-03-12T17:34:21Z,2023-03-12T14:40:44Z,2023-03-12T14:40:44Z,False,"[52.91356666666667, -1.2021033333333333]",https://dgtzuqphqg23d.cloudfront.net/SqFxgD6jHrxFYIyhQb0TnhehE1LIgZoDxFIyi2HKGBU-384x512.jpg,"[384, 512]",,
178,178,178,178,1,,,15A24E5D-2FA8-4B86-BF09-7FF37694E568,107351005,8703952183,Bunnies!,,2,,1,1,3,2023-03-12T17:34:21Z,2023-03-12T14:54:31Z,2023-03-12T14:54:31Z,False,"[52.928525, -1.179025]",https://dgtzuqphqg23d.cloudfront.net/mRrfYi9JJgKfjajaUqpD2nIV9LHbs9ERR8vGNqbiPcg-512x384.jpg,"[512, 384]",,
179,179,179,179,0,,,B2F77F6E-BA1B-4C6D-B26A-5C5B21EDE905,107351005,8676471166,Taking it easy on a sunset run,,2,,1,1,3,2023-03-07T18:06:33Z,2023-03-07T17:48:44Z,2023-03-07T17:48:44Z,False,"[52.934203333333336, -1.2326466666666667]",https://dgtzuqphqg23d.cloudfront.net/deaKVVr3KmVPHUFJin9kpx1TGP6YXsMzqm4ea0DF5dI-512x384.jpg,"[512, 384]",,
180,180,180,180,0,,,2C1C1DAC-A1C4-4F28-9705-6F0B3DC2DDC3,107351005,8664335848,Feeling tender,,2,,1,1,3,2023-03-05T13:30:39Z,2023-03-05T13:28:43Z,2023-03-05T13:28:43Z,False,"[52.92711666666667, -1.2109283333333334]",https://dgtzuqphqg23d.cloudfront.net/DyIlWdlsEEA_Ffc3yjtD726f1EzDZF4UFpDat6-kkeM-384x512.jpg,"[384, 512]",,
181,181,181,181,0,,,B892F79E-491A-4089-BD25-E8C0AF92B288,107351005,8653999814,Awesome route!,,2,,1,1,3,2023-03-03T18:18:54Z,2023-03-03T17:38:29Z,2023-03-03T17:38:29Z,False,"[52.912978333333335, -1.2064966666666668]",https://dgtzuqphqg23d.cloudfront.net/Ii52HLwwEN3aJXO6w21X-D7XYT5Qy1Gm7aek2WPPrjw-512x384.jpg,"[512, 384]",,
182,182,182,182,1,,,BA609115-2386-4DE2-AAED-88E902C23BD4,107351005,8653999814,Awesome route!,,2,,1,1,3,2023-03-03T18:18:54Z,2023-03-03T18:03:24Z,2023-03-03T18:03:24Z,False,"[52.93509666666667, -1.193295]",https://dgtzuqphqg23d.cloudfront.net/ss1BKwQGpd919zYGcgaEcWKbw0TYHh2S77cqpa0D_oE-512x384.jpg,"[512, 384]",,
183,183,183,183,0,,,660611BA-89C6-443D-B4D9-18BA07860130,107351005,8637493529,Found a pretty good route,,2,,1,1,3,2023-02-28T18:10:44Z,2023-02-28T18:06:48Z,2023-02-28T18:06:48Z,False,"[52.92743333333333, -1.22408]",https://dgtzuqphqg23d.cloudfront.net/HKMUbpLJTodkdEBtrkT_oo3L0Ow9mRj48B5-IEZiTh4-384x512.jpg,"[384, 512]",,
184,184,184,184,0,,,082C4485-6F48-4723-8C15-F98CBFE849B1,107351005,8626578809,Beautiful day ,,2,,1,1,3,2023-02-26T16:02:22Z,2023-02-26T15:07:41Z,2023-02-26T15:07:41Z,False,"[52.95173333333334, -1.2116]",https://dgtzuqphqg23d.cloudfront.net/Ze4RE8-2YulXeEZUrNKx-w8HqUUQWxMuE_HRT3dvZ08-512x384.jpg,"[512, 384]",,
185,185,185,185,0,,,5BAEF1D3-9BAA-4373-963D-0724E5F37984,107351005,8615665336,Think my strava is messing up ðŸ˜¢,,2,,1,1,3,2023-02-24T18:18:08Z,2023-02-24T18:16:20Z,2023-02-24T18:16:20Z,False,"[52.927708333333335, -1.2235216666666666]",https://dgtzuqphqg23d.cloudfront.net/eXC9l_cV4v4o_52Rfz3onOoosMeaDS9O2LpYrvnpi3k-384x512.jpg,"[384, 512]",,
186,186,186,186,0,,,9B976A38-BB41-4571-86A0-9BAA8BBB08DC,107351005,8599676506,Time to start exploring,,2,,1,1,3,2023-02-21T17:58:17Z,2023-02-21T17:57:04Z,2023-02-21T17:57:04Z,False,"[52.92825833333333, -1.2239033333333333]",https://dgtzuqphqg23d.cloudfront.net/0jjG5b69KctQ76oN5FrbIbPo7CurCYbAq4LEHBDSyDQ-384x512.jpg,"[384, 512]",,
187,187,187,187,0,,,CF35B31E-683B-4305-B0A6-08C5BC14753A,107351005,8575643976,Probably my last Wezzy B run for a while,,2,,1,1,3,2023-02-17T12:18:52Z,2023-02-17T12:10:49Z,2023-02-17T12:10:49Z,False,"[52.93326666666667, -1.1392333333333333]",https://dgtzuqphqg23d.cloudfront.net/gxh3kSCHC6QOkvioRnNLVgSMMPvssS1hFGCYk0mXpFU-384x512.jpg,"[384, 512]",,
188,188,188,188,0,,,D476938E-310A-4E5B-901E-23390A9CE725,107351005,8572511047,Legs so dead from yoga,,2,,1,1,3,2023-02-16T18:58:21Z,2023-02-16T18:53:28Z,2023-02-16T18:53:28Z,False,"[52.93338833333333, -1.1399778333333332]",https://dgtzuqphqg23d.cloudfront.net/KhA52K_D4t4FqbIsUljvsqUkmZVnSr50eVqNSRhgkg0-384x512.jpg,"[384, 512]",,
189,189,189,189,0,,,F6E48E41-721D-4CA2-AD91-B6AFD56A7FF0,107351005,8555604071,Surely itâ€™s nearly time for light in the evenings,,2,,1,1,3,2023-02-13T18:45:10Z,2023-02-13T18:44:24Z,2023-02-13T18:44:24Z,False,"[52.926853333333334, -1.1347916666666666]",https://dgtzuqphqg23d.cloudfront.net/UcZ0iwQalRL8SLcQEGOxWRFlbL5lnk_VzqjNUmYNCLE-384x512.jpg,"[384, 512]",,
190,190,190,190,0,,,26A0A92A-F79B-477F-9FB0-9D3A075D7E6E,107351005,8547728748,Brighton run!,,2,,1,1,3,2023-02-12T11:23:09Z,2023-02-12T11:21:51Z,2023-02-12T11:21:51Z,False,"[50.826305, -0.19666166666666665]",https://dgtzuqphqg23d.cloudfront.net/ptjY2JKHQAuJFcz-YWJvavcDWbA-pY6PdYqFCyOfpy8-384x512.jpg,"[384, 512]",,
191,191,191,191,0,,,9E3B81F8-DA97-4DE5-8321-DB5508D11C68,107351005,8522029413,Three days on the trot!,,2,,1,1,3,2023-02-07T18:16:55Z,2023-02-07T17:47:17Z,2023-02-07T17:47:17Z,False,"[52.92601666666667, -1.1368221666666667]",https://dgtzuqphqg23d.cloudfront.net/4FWqMXf9WrK5yxEIe_1CjDPC8pExqDpaF3x66q1EvKk-512x384.jpg,"[512, 384]",,
192,192,192,192,0,,,357A9312-53E7-43CE-B857-222B9A6FE3DA,107351005,8516469618,Huuuge moon tonight ,,2,,1,1,3,2023-02-06T18:46:15Z,2023-02-06T18:45:01Z,2023-02-06T18:45:01Z,False,"[52.92849666666667, -1.1325416666666666]",https://dgtzuqphqg23d.cloudfront.net/j1eDDuSjCYALxfus0TlADY5lHP9YjgpF3w6BkWUF6uA-384x512.jpg,"[384, 512]",,
193,193,193,193,0,,,AB2B380A-E604-441F-9654-31641D8606AF,107351005,8509637896,Skiing bruises are coming out a treat,,2,,1,1,3,2023-02-05T13:42:44Z,2023-02-04T09:24:10Z,2023-02-04T09:24:10Z,False,"[52.92662, -1.1355861666666667]",https://dgtzuqphqg23d.cloudfront.net/xSpMa1XOxGi7jFqd4YuxKc4TdIn9EyHPgWI7npoDa00-384x512.jpg,"[384, 512]",,
194,194,194,194,0,,,80B0BA0E-00B2-4EBC-849E-E4C91E496719,107351005,8499446009,Getting stuff for tea,,2,,1,1,3,2023-02-03T18:25:51Z,2023-02-03T18:15:30Z,2023-02-03T18:15:30Z,False,"[52.92308333333333, -1.1389638333333334]",https://dgtzuqphqg23d.cloudfront.net/Emhym0VCe5A87U4suOtErMJkjWXrwDGorbbsxZewo1M-384x512.jpg,"[384, 512]",,
195,195,195,195,0,,,F9297836-D3A8-4B8F-8273-AE9E28266F70,107351005,8494899098,Missing the ski slopes already,,2,,1,1,3,2023-02-02T20:10:14Z,2023-02-02T18:50:28Z,2023-02-02T18:50:28Z,False,"[52.92653333333333, -1.1355945]",https://dgtzuqphqg23d.cloudfront.net/HRJOdwWguiejKJ4Qvj7ZZFTYTnQmcEe9rYhZ_kirj7o-384x512.jpg,"[384, 512]",,
196,196,196,196,0,,,C105AF54-655C-4736-B700-03E0AD183D4A,107351005,8435334630,I was SO hungover this morning,,2,,1,1,3,2023-01-22T18:31:23Z,2023-01-22T18:10:33Z,2023-01-22T18:10:33Z,False,"[52.932945, -1.1386666666666667]",https://dgtzuqphqg23d.cloudfront.net/B_3ts8OFR6r9uYagEUYAYFKGLrMJBXdzfr7p7nFmnKw-512x384.jpg,"[512, 384]",,
197,197,197,197,0,,,7AF20D6A-01AA-4A2C-B965-C092A803CAD2,107351005,8418575866,Each km faster than the last,,2,,1,1,3,2023-01-19T18:20:38Z,2023-01-19T18:16:24Z,2023-01-19T18:16:24Z,False,"[52.92318, -1.1362111666666665]",https://dgtzuqphqg23d.cloudfront.net/IlttqqTqaLxnJrK8Sn-sJAytLoiJNIEAIcCpi8sG0gw-384x512.jpg,"[384, 512]",,
198,198,198,198,0,,,988BE60A-16E8-4225-A5C8-09C35D4FB3B2,107351005,8407967975,Not convinced this vest actually makes me any more visible,,2,,1,1,3,2023-01-17T18:55:36Z,2023-01-17T18:48:01Z,2023-01-17T18:48:01Z,False,"[52.926566666666666, -1.1355166666666667]",https://dgtzuqphqg23d.cloudfront.net/wH4AQ_bbc2IYvDfZtOtanc0yfygGgt63zvLvXaY7JuI-384x512.jpg,"[384, 512]",,
199,199,199,199,0,,,8801F95A-D544-4732-8FF5-9DAEA18099F3,107351005,8397063233,Only half an hour free parking is a good motivator,,2,,1,1,3,2023-01-15T16:10:27Z,2023-01-15T15:50:27Z,2023-01-15T15:50:27Z,False,"[52.95282, -1.0706888333333333]",https://dgtzuqphqg23d.cloudfront.net/0N76Up-RmZqTPH-Ps-TtwZmKTQgh_GI_QHp34UQ_iys-512x384.jpg,"[512, 384]",,
200,200,200,200,0,,,6D75BC99-31AA-43FF-AF23-9F120075FB92,107351005,8381236509,Trying out my Xmas present,,2,,1,1,3,2023-01-12T18:35:34Z,2023-01-12T18:32:30Z,2023-01-12T18:32:30Z,False,"[52.92898666666667, -1.1324971666666666]",https://dgtzuqphqg23d.cloudfront.net/0yoJchR0ExxtxyQjTknn97XPHmpx7jmXbcx9oceDZtI-384x512.jpg,"[384, 512]",,
201,201,201,201,0,,,3554E77E-A4E8-4E67-99FF-ADC1CB81A79C,107351005,8364122053,Popped to ASDA,,2,,1,1,3,2023-01-09T16:22:44Z,2023-01-09T16:18:50Z,2023-01-09T16:18:50Z,False,"[52.9232, -1.1387638333333334]",https://dgtzuqphqg23d.cloudfront.net/BRR9t4isq3LYMehwOrZYJ2i8UYeS92LuBcpguAi_OSU-384x512.jpg,"[384, 512]",,
202,202,202,202,0,,,BB5C0A1B-D96E-4339-9205-C6E274D2E6F6,107351005,8346816373,Pushed myself today,,2,,1,1,3,2023-01-06T12:28:56Z,2023-01-06T12:24:48Z,2023-01-06T12:24:48Z,False,"[52.927055, -1.1384555]",https://dgtzuqphqg23d.cloudfront.net/diXKbwmID_tvP2Ity6FZ87ttFNipaNMxtY7sLvCRBjI-384x512.jpg,"[384, 512]",,
203,203,203,203,0,,,CDB2BB03-8AB6-45DE-8779-9EAE734EB0A6,107351005,8325148740,Happy 2023!,,2,,1,1,3,2023-01-02T12:34:11Z,2023-01-02T12:32:59Z,2023-01-02T12:32:59Z,False,"[52.931855, -1.1371471666666666]",https://dgtzuqphqg23d.cloudfront.net/KnP-fphLE2dF9mZdAfVkz_LwaUo6MeND2f16oIL1NfQ-384x512.jpg,"[384, 512]",,
204,204,204,204,0,,,D7CD7A64-DD6E-4E81-9548-F1BEAD280831,107351005,8312321724,Blustery,,2,,1,1,3,2022-12-30T17:07:38Z,2022-12-30T17:02:33Z,2022-12-30T17:02:33Z,False,"[52.929428333333334, -1.1376833333333334]",https://dgtzuqphqg23d.cloudfront.net/r6eK3LjEqBm_zNOWNw87W4Rb2qffc5VuSaMUvIwDO0o-384x512.jpg,"[384, 512]",,
205,205,205,205,0,,,78A853A4-3816-4C1F-8FF3-45E69D7AD0DB,107351005,8302103343,So full of Christmas food,,2,,1,1,3,2022-12-28T13:21:16Z,2022-12-28T13:18:44Z,2022-12-28T13:18:44Z,False,"[52.92673666666666, -1.1383611666666666]",https://dgtzuqphqg23d.cloudfront.net/dGqecLI0MLG5kXVhSe9APjeg_xtXGb0FCGDVlGDVqHU-384x512.jpg,"[384, 512]",,
206,206,206,206,0,,,9FA8816F-2D03-4550-8345-BC03609CCCA7,107351005,8282651435,Run at Grandma Maloneâ€™s â¤ï¸,,2,,1,1,3,2022-12-23T16:44:24Z,2022-12-23T16:08:02Z,2022-12-23T16:08:02Z,False,"[53.56151166666667, -2.891446666666667]",https://dgtzuqphqg23d.cloudfront.net/oWh8O7Ancnk6qB9kDPvYtxBC6bLQVUcq3bu-v3gQyxU-384x512.jpg,"[384, 512]",,
207,207,207,207,0,,,BA44B249-6010-4E64-9CC8-2595FF7B8EE3,107351005,8271421156,Dark,,2,,1,1,3,2022-12-20T17:59:33Z,2022-12-20T17:57:02Z,2022-12-20T17:57:02Z,False,"[52.92758666666667, -1.1330361666666666]",https://dgtzuqphqg23d.cloudfront.net/dkgj7_ApWIE7Zqo_aXnv2TsAgD4Lp9fHZzC-CFOyF2U-384x512.jpg,"[384, 512]",,
208,208,208,208,0,,,DAD13BBB-D89F-4DF7-A505-1F1BAB731833,107351005,8263200644,Running on an empty stomach ðŸ‘ŽðŸ‘ŽðŸ‘Ž,,2,,1,1,3,2022-12-18T13:51:00Z,2022-12-18T13:36:57Z,2022-12-18T13:36:57Z,False,"[52.921928333333334, -1.14325]",https://dgtzuqphqg23d.cloudfront.net/aaPojkEy0okEO1OfanN-ykSjasTvBPVeNFWAJO22wqA-384x512.jpg,"[384, 512]",,
209,209,209,209,0,,,1F2C00C2-6556-44E3-B86B-DFB98B86A0DD,107351005,8255809773,BeingReal on my run,,2,,1,1,3,2022-12-16T18:00:24Z,2022-12-16T17:59:53Z,2022-12-16T17:59:53Z,False,,https://dgtzuqphqg23d.cloudfront.net/Qrfy2PTQxCFS5RruuYMtPXEhHMJrRI7sq53KSQWuaXA-384x512.jpg,"[384, 512]",,
210,210,210,210,0,,,F8C30139-CEBC-4A25-B10C-5C71B5102727,107351005,8244552290,Itâ€™s getting Christmassy ðŸŽ„,,2,,1,1,3,2022-12-13T18:27:11Z,2022-12-13T17:51:12Z,2022-12-13T17:51:12Z,False,"[52.93295, -1.158025]",https://dgtzuqphqg23d.cloudfront.net/azdHPgSLpGNmIA6Lqs9C7l4flK7vUzIgLO3cHY6nd9w-512x384.jpg,"[512, 384]",,
211,211,211,211,0,,,A747E364-3C77-4A8A-AA24-3B6B6227659A,107351005,8230732664,Beautiful day â˜€ï¸,,2,,1,1,3,2022-12-10T11:05:35Z,2022-12-10T10:48:52Z,2022-12-10T10:48:52Z,False,"[52.93718, -1.1516138333333332]",https://dgtzuqphqg23d.cloudfront.net/BU6QO5wbyxHoetATclS0I_03lxTxOk1XeJilb5C0XAA-384x512.jpg,"[384, 512]",,
212,212,212,212,0,,,F4E199D8-EE3E-4385-A497-3BC5CC0DA465,107351005,8220286774,Mittens on ðŸ§¤ðŸ§¤,,2,,1,1,3,2022-12-07T18:33:23Z,2022-12-07T18:30:03Z,2022-12-07T18:30:03Z,False,"[52.929795, -1.1302333333333334]",https://dgtzuqphqg23d.cloudfront.net/PbvnAU5Lhdou6EZ_52hC9GrdGiQXoutKwf292MuTEHY-384x512.jpg,"[384, 512]",,
213,213,213,213,0,,,36AAD6C3-076B-4999-BBB3-A5FF98E225D4,107351005,8194444464,Hilly (like me),,2,,1,1,3,2022-12-01T18:14:31Z,2022-12-01T18:07:48Z,2022-12-01T18:07:48Z,True,"[52.92663, -1.1382805]",https://dgtzuqphqg23d.cloudfront.net/j-OLpevPXDSoIT2Awty27189-18-BoZyrIkHQAmMpdQ-384x512.jpg,"[384, 512]",,
214,214,214,214,0,,,B53FC133-6FB6-432A-B8F1-F93146E2A6DD,107351005,8171266713,ðŸŒŸ HALF MARATHON ðŸŒŸ,,2,,1,1,3,2022-11-26T14:55:36Z,2022-11-26T14:40:11Z,2022-11-26T14:40:11Z,False,"[52.926875, -1.1381416666666666]",https://dgtzuqphqg23d.cloudfront.net/5QNGk66wbP2aIGBX-JbDZA2wPWu8FHZzNVT1Z3vYve8-384x512.jpg,"[384, 512]",,
215,215,215,215,1,,,3C643079-5A00-45CB-B9EB-3D5353F09FF6,107351005,8171266713,ðŸŒŸ HALF MARATHON ðŸŒŸ,,2,,1,1,3,2022-11-26T14:55:31Z,2022-11-26T14:53:47Z,2022-11-26T14:53:47Z,False,"[52.92666166666667, -1.1356971666666666]",https://dgtzuqphqg23d.cloudfront.net/MNWnmmUibfJv-omHwUea4Ay3fKu528mXj9J1igOgvHQ-384x512.jpg,"[384, 512]",,
216,216,216,216,0,,,AC477A69-7DE3-498B-8260-228C17289666,107351005,8154053728,Bethâ€™s first run ðŸ˜ƒ,,2,,1,1,3,2022-11-22T17:59:04Z,2022-11-22T17:57:06Z,2022-11-22T17:57:06Z,False,"[52.933096666666664, -1.1376888333333333]",https://dgtzuqphqg23d.cloudfront.net/mj0-CizDyGhkOFZFBIxfTmGJ1l1ntsJdV98eRPtMz0s-384x512.jpg,"[384, 512]",,
217,217,217,217,0,,,1FD1B6B7-1E69-4331-815E-A83270B88C3D,107351005,8144227781,ðŸŒŸ Achievement! ðŸŒŸ,,2,,1,1,3,2022-11-20T12:38:48Z,2022-11-20T12:34:59Z,2022-11-20T12:34:59Z,False,"[52.92772166666666, -1.1387666666666667]",https://dgtzuqphqg23d.cloudfront.net/Bv6PPSbOgyleh5Duxia_fjDW8MEZrpMzf4m8JokbGZM-384x512.jpg,"[384, 512]",,
218,218,218,218,0,,,B70E62D3-531E-4ACB-A62B-79D5E1137DFB,107351005,8122511444,Slow one today,,2,,1,1,3,2022-11-15T18:02:12Z,2022-11-15T18:01:06Z,2022-11-15T18:01:06Z,False,"[52.92812166666667, -1.1324028333333334]",https://dgtzuqphqg23d.cloudfront.net/EssykhmGP054nPNqcdry8hqb1oOIMIsdvBOavI_GBo4-384x512.jpg,"[384, 512]",,
219,219,219,219,0,,,1915AB0B-EF67-43E9-ABCE-10EA0A79188C,107351005,8108138147,Got some weird sweat patches going on,,2,,1,1,3,2022-11-12T18:15:19Z,2022-11-12T17:59:32Z,2022-11-12T17:59:32Z,True,"[52.92698333333333, -1.1381445000000001]",https://dgtzuqphqg23d.cloudfront.net/YoRYnYGoqhw_nid6Gy0YyhtO9DMJ2W4KK6QOSVv6J9E-384x512.jpg,"[384, 512]",,
220,220,220,220,0,,,5DC84921-E2D2-4CE7-9996-6D1F72EC0FF7,107351005,8097984688,Left my headphones at work ðŸ˜¢,,2,,1,1,3,2022-11-10T18:06:50Z,2022-11-10T17:58:47Z,2022-11-10T17:58:47Z,False,"[52.926658333333336, -1.1383805]",https://dgtzuqphqg23d.cloudfront.net/Xpyz7aMzIgFB0NzCvEaoTe99Ol41jb6TZql_qca8TLA-384x512.jpg,"[384, 512]",,
221,221,221,221,0,,,58CD2C30-E7BF-462A-9D97-265B72D40AA6,107351005,8078632760,Feet hurting from wedding heels ðŸ‘ ,,2,Ay up me duk,1,1,3,2022-11-06T16:56:20Z,2022-11-06T15:58:50Z,2022-11-06T15:58:50Z,False,"[52.937416666666664, -1.1547304999999999]",https://dgtzuqphqg23d.cloudfront.net/Jn_Ba8JCoUc27PpGM0tTRJ-gtYpz_5k6WIdeeGm6brw-512x384.jpg,"[512, 384]",,
222,222,222,222,0,,,81747C48-E654-4274-AD4E-C6C8CDCB7125,107351005,8063745591,Boring well-lit road route ,,2,,1,1,3,2022-11-03T18:39:46Z,2022-11-03T18:32:27Z,2022-11-03T18:32:27Z,False,"[52.92756333333333, -1.1328916666666666]",https://dgtzuqphqg23d.cloudfront.net/K2qX8TKlw7Zvf1yjzNNnECAgU0f_itm1uEIybA0MIdk-384x512.jpg,"[384, 512]",,
223,223,223,223,0,,,66C84037-3AC5-4717-8857-B42834C8C3BA,107351005,8044596850,Well that was dark,,2,,1,1,3,2022-10-30T18:59:46Z,2022-10-30T18:59:24Z,2022-10-30T18:59:24Z,False,"[52.92661666666667, -1.1353195]",https://dgtzuqphqg23d.cloudfront.net/f7aeCtlFgoknJ1RsOrsIN8wmYSDdOfsISJAH_S6OgY4-384x512.jpg,"[384, 512]",,
224,224,224,224,0,,,FF48188F-7894-449A-B1EE-6E51562CF5BA,107351005,8017836219,Post surf hol run,,2,,1,1,3,2022-10-25T16:41:52Z,2022-10-25T13:40:22Z,2022-10-25T14:40:22Z,False,"[52.926563333333334, -1.1357055]",https://dgtzuqphqg23d.cloudfront.net/MPJKSqlWepDXl9LAE3pleTEeWYIA0BFCAnDQWeiIWK4-384x512.jpg,"[384, 512]",,
225,225,225,225,0,,,91602AB5-8CD8-4FF1-AF4E-355C3C323994,107351005,7973800899,Hungover 10km,,2,,1,1,3,2022-10-16T17:23:24Z,2022-10-16T17:04:29Z,2022-10-16T18:04:29Z,False,"[52.927445, -1.1380166666666667]",https://dgtzuqphqg23d.cloudfront.net/oRnNZl8SpBM-cE4YCdxEa-IXpm0V6J0cT1CLeWd_L18-384x512.jpg,"[384, 512]",,
226,226,226,226,0,,,F691A8D8-C74F-48E1-A074-8564A7F2D63D,107351005,7947618087,Accidental 10k,,2,,1,1,3,2022-10-11T17:30:32Z,2022-10-11T17:24:26Z,2022-10-11T18:24:26Z,False,"[52.92798666666667, -1.1378361666666668]",https://dgtzuqphqg23d.cloudfront.net/zqGIw7KVWQca1BE1B580q3PKAlEm-YNTJZ_QMn-bwv8-384x512.jpg,"[384, 512]",,
227,227,227,227,0,,,7F1511C0-70AF-4CAA-9FEE-8CB57CBEB841,107351005,7937730662,Hangover run,,2,,1,1,3,2022-10-09T16:57:16Z,2022-10-09T16:52:41Z,2022-10-09T17:52:41Z,False,"[52.92639166666667, -1.1358971666666666]",https://dgtzuqphqg23d.cloudfront.net/CVK3TPnrW25J2BsVG5wdI-GqPTXfpVwHIhWRuCNcuxo-384x512.jpg,"[384, 512]",,
228,228,228,228,0,,,4B4B2A01-957C-4773-8773-A6EC65BB03CF,107351005,7916746602,Meant to go slow!,,2,,1,1,3,2022-10-05T18:04:28Z,2022-10-05T17:39:13Z,2022-10-05T18:39:13Z,True,"[52.92565833333333, -1.1377221666666666]",https://dgtzuqphqg23d.cloudfront.net/-TFKKWvIXRj8nu31lXGw1cZHaz7muUf-8JBeanFsrwc-384x512.jpg,"[384, 512]",,
229,229,229,229,0,,,E4EA5FB0-D59C-49A7-80A7-170DCE16A7B4,107351005,7905626720,PB,,2,,1,1,3,2022-10-03T16:33:47Z,2022-10-03T16:26:11Z,2022-10-03T17:26:11Z,True,"[52.925803333333334, -1.1381416666666666]",https://dgtzuqphqg23d.cloudfront.net/bboGNh0LLXuZ1070qEkJ_-yoHfIV8OcYlj_qN_7EDtk-384x512.jpg,"[384, 512]",,
230,230,230,230,0,,,E4C90B4C-A8AA-4E64-92CD-194C0D76F946,107351005,7894192100,Quarter of a marathon ðŸŽ‰,,2,,1,1,3,2022-10-01T12:40:35Z,2022-10-01T12:25:36Z,2022-10-01T13:25:36Z,True,"[52.92767166666667, -1.1327861666666668]",https://dgtzuqphqg23d.cloudfront.net/RkULVwYr7JSR0Foz5Vv-qKOmmONdj5XZ0lPrYvU7FPs-384x512.jpg,"[384, 512]",,
231,231,231,231,0,,,06053A82-BAF3-4433-93E2-380F368AC21E,107351005,7870554682,Monday run,,2,,1,1,3,2022-09-26T16:26:20Z,2022-09-26T16:10:26Z,2022-09-26T17:10:26Z,True,"[52.92567833333333, -1.1379]",https://dgtzuqphqg23d.cloudfront.net/deH0T0AxtTYN2ahrXPaMoBULYK4jy9tlvilFcIykhrI-384x512.jpg,"[384, 512]",,
232,232,232,232,0,,,2F57FAC2-CD67-487E-88FA-F6502BD85DA8,107351005,7839076087,First 6k âœ…,,2,,1,1,3,2022-09-20T16:23:09Z,2022-09-20T16:22:13Z,2022-09-20T17:22:13Z,True,"[52.925955, -1.1370416666666667]",https://dgtzuqphqg23d.cloudfront.net/SzC96ci7kAgVq0THhWAyHFNF_iy1Kg6lN4xqjfvhe-g-384x512.jpg,"[384, 512]",,
233,233,233,233,0,,,A0930CA3-7511-4749-9CD0-5ADECF722934,107351005,7811764717,First 5k under 30 mins ðŸŒŸ,,2,,1,1,3,2022-09-15T11:46:14Z,2022-09-15T11:46:14Z,2022-09-15T12:46:14Z,True,,https://dgtzuqphqg23d.cloudfront.net/AAeRqIftarMBLqfTihTa3e7K5Dy39oFEDQKaJOR6Zk0-384x512.jpg,"[384, 512]",,
234,234,234,234,0,,,A0F830FE-F661-415A-AE01-F988FFF4584E,107351005,7741741688,Eat more than a banana before running,,2,,1,1,3,2022-09-02T12:44:09Z,2022-09-02T12:44:09Z,2022-09-02T13:44:09Z,False,,https://dgtzuqphqg23d.cloudfront.net/zIm6b6IAhwain8GXfMz38NNYHjCijvxghb4sUwgXd1k-384x512.jpg,"[384, 512]",,
